Replace Name,YOG,Course,Description,Department,Level,METCO,Race/Ethnicity Text,Gender
SDUNT001,2023,5081-001,AP Calculus 4 AB,MAT,H,,White,M
SDUNT001,2023,1301-002,AP English 12,ELA,H,,White,M
SDUNT001,2023,4401-001,AP European History,HS,H,,White,M
SDUNT002,2023,5081-001,AP Calculus 4 AB,MAT,H,,Hispanic/Latino,F
SDUNT002,2023,5051-003,AP Statistics,MAT,H,,Hispanic/Latino,F
SDUNT003,2023,5081-001,AP Calculus 4 AB,MAT,H,,White,F
SDUNT003,2023,6051-002,AP Biology Lab,SCI,H,,White,F
SDUNT003,2023,4401-001,AP European History,HS,H,,White,F
SDUNT003,2023,4501-003,AP Psychology,HS,H,,White,F
SDUNT004,2023,5081-001,AP Calculus 4 AB,MAT,H,,White,F
SDUNT004,2023,6071-003,AP Physics Lab,SCI,H,,White,F
SDUNT005,2023,5081-001,AP Calculus 4 AB,MAT,H,,White,F
SDUNT005,2023,4501-005,AP Psychology,HS,H,,White,F
SDUNT006,2023,5081-001,AP Calculus 4 AB,MAT,H,,Two or more races,F
SDUNT006,2023,4501-002,AP Psychology,HS,H,,Two or more races,F
SDUNT006,2023,4561-001,AP Comparative Government,HS,H,,Two or more races,F
SDUNT007,2023,5081-001,AP Calculus 4 AB,MAT,H,,Black/African American,F
SDUNT008,2023,5081-002,AP Calculus 4 AB,MAT,H,,Two or more races,M
SDUNT009,2023,5081-002,AP Calculus 4 AB,MAT,H,,White,M
SDUNT010,2023,5081-002,AP Calculus 4 AB,MAT,H,,White,F
SDUNT010,2023,1301-001,AP English 12,ELA,H,,White,F
SDUNT010,2023,4501-005,AP Psychology,HS,H,,White,F
SDUNT011,2023,5081-002,AP Calculus 4 AB,MAT,H,,Asian,M
SDUNT011,2023,4501-003,AP Psychology,HS,H,,Asian,M
SDUNT011,2023,6061-001,AP Chemistry Lab,SCI,H,,Asian,M
SDUNT012,2023,5081-002,AP Calculus 4 AB,MAT,H,,White,M
SDUNT012,2023,4501-004,AP Psychology,HS,H,,White,M
SDUNT013,2023,5081-002,AP Calculus 4 AB,MAT,H,,White,M
SDUNT013,2023,2651-001,AP Italian,WL,H,,White,M
SDUNT013,2023,4501-006,AP Psychology,HS,H,,White,M
SDUNT014,2023,5081-002,AP Calculus 4 AB,MAT,H,,White,M
SDUNT014,2023,5051-003,AP Statistics,MAT,H,,White,M
SDUNT014,2023,4501-003,AP Psychology,HS,H,,White,M
SDUNT015,2023,5081-001,AP Calculus 4 AB,MAT,H,,Asian,F
SDUNT015,2023,4501-003,AP Psychology,HS,H,,Asian,F
SDUNT016,2023,5081-001,AP Calculus 4 AB,MAT,H,,White,M
SDUNT016,2023,4501-001,AP Psychology,HS,H,,White,M
SDUNT016,2023,6051-003,AP Biology Lab,SCI,H,,White,M
SDUNT017,2023,5081-001,AP Calculus 4 AB,MAT,H,,White,F
SDUNT017,2023,4501-005,AP Psychology,HS,H,,White,F
SDUNT018,2023,5081-001,AP Calculus 4 AB,MAT,H,,Hispanic/Latino,M
SDUNT019,2023,5081-001,AP Calculus 4 AB,MAT,H,,White,F
SDUNT020,2023,5081-002,AP Calculus 4 AB,MAT,H,,White,M
SDUNT020,2023,5051-006,AP Statistics,MAT,H,,White,M
SDUNT021,2023,5081-002,AP Calculus 4 AB,MAT,H,,White,F
SDUNT021,2023,2051-001,AP French,WL,H,,White,F
SDUNT021,2023,7131-001,AP History of Art,ART,H,,White,F
SDUNT021,2023,1301-002,AP English 12,ELA,H,,White,F
SDUNT021,2023,4501-005,AP Psychology,HS,H,,White,F
SDUNT022,2023,5081-001,AP Calculus 4 AB,MAT,H,,White,F
SDUNT022,2023,5051-001,AP Statistics,MAT,H,,White,F
SDUNT023,2023,5081-002,AP Calculus 4 AB,MAT,H,,White,F
SDUNT023,2023,2051-001,AP French,WL,H,,White,F
SDUNT023,2023,4501-006,AP Psychology,HS,H,,White,F
SDUNT023,2023,6051-003,AP Biology Lab,SCI,H,,White,F
SDUNT024,2023,5081-002,AP Calculus 4 AB,MAT,H,,White,F
SDUNT025,2023,5081-001,AP Calculus 4 AB,MAT,H,,White,F
SDUNT025,2023,2481-001,AP Spanish,WL,H,,White,F
SDUNT025,2023,4561-001,AP Comparative Government,HS,H,,White,F
SDUNT026,2023,5081-001,AP Calculus 4 AB,MAT,H,,Black/African American,M
SDUNT026,2023,4501-001,AP Psychology,HS,H,,Black/African American,M
SDUNT027,2023,5081-001,AP Calculus 4 AB,MAT,H,,Black/African American,M
SDUNT027,2023,4501-002,AP Psychology,HS,H,,Black/African American,M
SDUNT027,2023,5051-004,AP Statistics,MAT,H,,Black/African American,M
SDUNT028,2023,5081-001,AP Calculus 4 AB,MAT,H,,White,M
SDUNT028,2023,4501-002,AP Psychology,HS,H,,White,M
SDUNT028,2023,5051-005,AP Statistics,MAT,H,,White,M
SDUNT029,2023,5081-002,AP Calculus 4 AB,MAT,H,,Two or more races,F
SDUNT029,2023,2481-001,AP Spanish,WL,H,,Two or more races,F
SDUNT029,2023,4501-004,AP Psychology,HS,H,,Two or more races,F
SDUNT030,2024,5081-002,AP Calculus 4 AB,MAT,H,,Asian,M
SDUNT030,2024,4301-005,AP US History,HS,H,,Asian,M
SDUNT031,2023,5081-001,AP Calculus 4 AB,MAT,H,METCO,Black/African American,M
SDUNT031,2023,6061-002,AP Chemistry Lab,SCI,H,METCO,Black/African American,M
SDUNT032,2023,5081-002,AP Calculus 4 AB,MAT,H,,White,F
SDUNT032,2023,4501-006,AP Psychology,HS,H,,White,F
SDUNT032,2023,6051-003,AP Biology Lab,SCI,H,,White,F
SDUNT033,2023,5081-002,AP Calculus 4 AB,MAT,H,,White,M
SDUNT034,2023,5081-001,AP Calculus 4 AB,MAT,H,,Asian,F
SDUNT034,2023,5051-003,AP Statistics,MAT,H,,Asian,F
SDUNT034,2023,4501-006,AP Psychology,HS,H,,Asian,F
SDUNT035,2023,5081-002,AP Calculus 4 AB,MAT,H,,White,F
SDUNT036,2023,5081-001,AP Calculus 4 AB,MAT,H,,White,F
SDUNT036,2023,6051-001,AP Biology Lab,SCI,H,,White,F
SDUNT036,2023,4501-003,AP Psychology,HS,H,,White,F
SDUNT037,2023,5081-001,AP Calculus 4 AB,MAT,H,,Hispanic/Latino,F
SDUNT037,2023,4501-001,AP Psychology,HS,H,,Hispanic/Latino,F
SDUNT037,2023,6051-003,AP Biology Lab,SCI,H,,Hispanic/Latino,F
SDUNT038,2023,5081-002,AP Calculus 4 AB,MAT,H,,White,M
SDUNT038,2023,6051-002,AP Biology Lab,SCI,H,,White,M
SDUNT038,2023,4501-004,AP Psychology,HS,H,,White,M
SDUNT039,2023,5081-001,AP Calculus 4 AB,MAT,H,,White,F
SDUNT039,2023,6051-002,AP Biology Lab,SCI,H,,White,F
SDUNT039,2023,4501-006,AP Psychology,HS,H,,White,F
SDUNT040,2023,5081-002,AP Calculus 4 AB,MAT,H,,Asian,F
SDUNT040,2023,4501-005,AP Psychology,HS,H,,Asian,F
SDUNT041,2023,5081-002,AP Calculus 4 AB,MAT,H,,Asian,F
SDUNT041,2023,2961-001,AP Chinese,WL,H,,Asian,F
SDUNT041,2023,4501-005,AP Psychology,HS,H,,Asian,F
SDUNT042,2023,5081-002,AP Calculus 4 AB,MAT,H,,White,F
SDUNT043,2023,5081-001,AP Calculus 4 AB,MAT,H,,White,F
SDUNT043,2023,4401-001,AP European History,HS,H,,White,F
SDUNT043,2023,6051-003,AP Biology Lab,SCI,H,,White,F
SDUNT044,2023,5081-002,AP Calculus 4 AB,MAT,H,,White,M
SDUNT044,2023,5051-005,AP Statistics,MAT,H,,White,M
SDUNT044,2023,4501-004,AP Psychology,HS,H,,White,M
SDUNT045,2023,5081-002,AP Calculus 4 AB,MAT,H,,White,M
SDUNT045,2023,4501-004,AP Psychology,HS,H,,White,M
SDUNT046,2023,5081-002,AP Calculus 4 AB,MAT,H,,White,F
SDUNT046,2023,7131-001,AP History of Art,ART,H,,White,F
SDUNT046,2023,1301-001,AP English 12,ELA,H,,White,F
SDUNT047,2023,5081-002,AP Calculus 4 AB,MAT,H,,White,M
SDUNT047,2023,4501-003,AP Psychology,HS,H,,White,M
SDUNT048,2023,5081-001,AP Calculus 4 AB,MAT,H,,White,M
SDUNT048,2023,4561-002,AP Comparative Government,HS,H,,White,M
SDUNT048,2023,7131-001,AP History of Art,ART,H,,White,M
SDUNT048,2023,1301-002,AP English 12,ELA,H,,White,M
SDUNT048,2023,6071-004,AP Physics Lab,SCI,H,,White,M
SDUNT049,2023,5081-002,AP Calculus 4 AB,MAT,H,,White,M
SDUNT049,2023,2481-001,AP Spanish,WL,H,,White,M
SDUNT049,2023,1301-001,AP English 12,ELA,H,,White,M
SDUNT049,2023,4401-001,AP European History,HS,H,,White,M
SDUNT050,2023,5081-001,AP Calculus 4 AB,MAT,H,,Asian,M
SDUNT050,2023,5051-003,AP Statistics,MAT,H,,Asian,M
SDUNT051,2023,5081-001,AP Calculus 4 AB,MAT,H,METCO,Hispanic/Latino,M
SDUNT051,2023,4501-003,AP Psychology,HS,H,METCO,Hispanic/Latino,M
SDUNT052,2023,5081-002,AP Calculus 4 AB,MAT,H,,White,M
SDUNT052,2023,4501-001,AP Psychology,HS,H,,White,M
SDUNT052,2023,6071-004,AP Physics Lab,SCI,H,,White,M
SDUNT053,2023,5081-001,AP Calculus 4 AB,MAT,H,,White,M
SDUNT053,2023,5051-002,AP Statistics,MAT,H,,White,M
SDUNT053,2023,4501-002,AP Psychology,HS,H,,White,M
SDUNT054,2023,5081-001,AP Calculus 4 AB,MAT,H,,White,M
SDUNT054,2023,5051-004,AP Statistics,MAT,H,,White,M
SDUNT054,2023,4561-002,AP Comparative Government,HS,H,,White,M
SDUNT055,2023,5081-001,AP Calculus 4 AB,MAT,H,,White,M
SDUNT056,2024,5051-001,AP Statistics,MAT,H,,White,F
SDUNT056,2024,6061-001,AP Chemistry Lab,SCI,H,,White,F
SDUNT057,2024,5051-002,AP Statistics,MAT,H,,Asian,M
SDUNT057,2024,4301-005,AP US History,HS,H,,Asian,M
SDUNT057,2024,1291-006,AP English 11,ELA,H,,Asian,M
SDUNT057,2024,2961-001,AP Chinese,WL,H,,Asian,M
SDUNT058,2023,5051-002,AP Statistics,MAT,H,,White,F
SDUNT058,2023,5041-002,AP Calculus 4 BC,MAT,H,,White,F
SDUNT058,2023,4561-001,AP Comparative Government,HS,H,,White,F
SDUNT059,2024,5051-001,AP Statistics,MAT,H,,White,M
SDUNT060,2023,5051-002,AP Statistics,MAT,H,,Two or more races,M
SDUNT060,2023,5081-003,AP Calculus 4 AB,MAT,H,,Two or more races,M
SDUNT060,2023,4501-004,AP Psychology,HS,H,,Two or more races,M
SDUNT061,2023,5051-002,AP Statistics,MAT,H,,White,M
SDUNT061,2023,5041-003,AP Calculus 4 BC,MAT,H,,White,M
SDUNT061,2023,6071-001,AP Physics Lab,SCI,H,,White,M
SDUNT062,2024,5051-001,AP Statistics,MAT,H,,White,M
SDUNT062,2024,4301-005,AP US History,HS,H,,White,M
SDUNT062,2024,1291-001,AP English 11,ELA,H,,White,M
SDUNT063,2023,5051-002,AP Statistics,MAT,H,,White,M
SDUNT063,2023,5081-004,AP Calculus 4 AB,MAT,H,,White,M
SDUNT063,2023,6051-003,AP Biology Lab,SCI,H,,White,M
SDUNT064,2024,5051-001,AP Statistics,MAT,H,METCO,Black/African American,M
SDUNT065,2024,5051-002,AP Statistics,MAT,H,,White,M
SDUNT066,2023,5051-001,AP Statistics,MAT,H,,White,M
SDUNT066,2023,5081-005,AP Calculus 4 AB,MAT,H,,White,M
SDUNT066,2023,4501-006,AP Psychology,HS,H,,White,M
SDUNT067,2024,5051-001,AP Statistics,MAT,H,,Two or more races,F
SDUNT067,2024,4301-003,AP US History,HS,H,,Two or more races,F
SDUNT067,2024,1291-005,AP English 11,ELA,H,,Two or more races,F
SDUNT068,2024,5051-002,AP Statistics,MAT,H,,White,F
SDUNT068,2024,1291-004,AP English 11,ELA,H,,White,F
SDUNT068,2024,4301-002,AP US History,HS,H,,White,F
SDUNT069,2024,5051-001,AP Statistics,MAT,H,,White,F
SDUNT069,2024,1291-001,AP English 11,ELA,H,,White,F
SDUNT070,2024,5051-002,AP Statistics,MAT,H,,White,F
SDUNT071,2024,5051-002,AP Statistics,MAT,H,,White,M
SDUNT072,2024,5051-001,AP Statistics,MAT,H,,Black/African American,F
SDUNT072,2024,1291-001,AP English 11,ELA,H,,Black/African American,F
SDUNT073,2024,5051-001,AP Statistics,MAT,H,,Two or more races,F
SDUNT073,2024,1291-006,AP English 11,ELA,H,,Two or more races,F
SDUNT073,2024,4301-002,AP US History,HS,H,,Two or more races,F
SDUNT074,2024,5051-002,AP Statistics,MAT,H,,Asian,M
SDUNT074,2024,1291-005,AP English 11,ELA,H,,Asian,M
SDUNT074,2024,4301-001,AP US History,HS,H,,Asian,M
SDUNT075,2024,5051-001,AP Statistics,MAT,H,,White,M
SDUNT075,2024,1291-006,AP English 11,ELA,H,,White,M
SDUNT076,2024,5051-001,AP Statistics,MAT,H,,White,F
SDUNT076,2024,4301-005,AP US History,HS,H,,White,F
SDUNT076,2024,1291-006,AP English 11,ELA,H,,White,F
SDUNT077,2024,5051-002,AP Statistics,MAT,H,,Asian,M
SDUNT078,2023,5051-002,AP Statistics,MAT,H,,White,M
SDUNT078,2023,5041-001,AP Calculus 4 BC,MAT,H,,White,M
SDUNT078,2023,6071-001,AP Physics Lab,SCI,H,,White,M
SDUNT079,2023,5051-002,AP Statistics,MAT,H,,Asian,F
SDUNT079,2023,4561-001,AP Comparative Government,HS,H,,Asian,F
SDUNT079,2023,5041-003,AP Calculus 4 BC,MAT,H,,Asian,F
SDUNT079,2023,6071-001,AP Physics Lab,SCI,H,,Asian,F
SDUNT080,2024,5051-002,AP Statistics,MAT,H,,White,M
SDUNT081,2023,5051-001,AP Statistics,MAT,H,,Asian,F
SDUNT081,2023,2481-001,AP Spanish,WL,H,,Asian,F
SDUNT081,2023,5041-001,AP Calculus 4 BC,MAT,H,,Asian,F
SDUNT082,2023,5051-002,AP Statistics,MAT,H,,White,F
SDUNT083,2024,5051-002,AP Statistics,MAT,H,,White,F
SDUNT083,2024,1291-001,AP English 11,ELA,H,,White,F
SDUNT083,2024,4301-001,AP US History,HS,H,,White,F
SDUNT084,2024,5051-001,AP Statistics,MAT,H,,White,M
SDUNT085,2023,5051-001,AP Statistics,MAT,H,,White,M
SDUNT085,2023,5041-003,AP Calculus 4 BC,MAT,H,,White,M
SDUNT085,2023,1301-001,AP English 12,ELA,H,,White,M
SDUNT085,2023,4501-001,AP Psychology,HS,H,,White,M
SDUNT085,2023,6071-001,AP Physics Lab,SCI,H,,White,M
SDUNT086,2024,5051-002,AP Statistics,MAT,H,,White,M
SDUNT087,2024,5051-002,AP Statistics,MAT,H,,White,M
SDUNT087,2024,1291-005,AP English 11,ELA,H,,White,M
SDUNT088,2024,5051-001,AP Statistics,MAT,H,,White,F
SDUNT089,2023,5051-001,AP Statistics,MAT,H,,Two or more races,M
SDUNT089,2023,5081-003,AP Calculus 4 AB,MAT,H,,Two or more races,M
SDUNT089,2023,4501-001,AP Psychology,HS,H,,Two or more races,M
SDUNT090,2024,5051-002,AP Statistics,MAT,H,,White,M
SDUNT090,2024,4301-005,AP US History,HS,H,,White,M
SDUNT091,2024,5051-002,AP Statistics,MAT,H,,White,M
SDUNT091,2024,4301-005,AP US History,HS,H,,White,M
SDUNT091,2024,1291-007,AP English 11,ELA,H,,White,M
SDUNT092,2023,5051-001,AP Statistics,MAT,H,,Asian,F
SDUNT092,2023,5041-001,AP Calculus 4 BC,MAT,H,,Asian,F
SDUNT092,2023,6071-003,AP Physics Lab,SCI,H,,Asian,F
SDUNT093,2023,5051-001,AP Statistics,MAT,H,,White,M
SDUNT093,2023,2051-001,AP French,WL,H,,White,M
SDUNT093,2023,5081-005,AP Calculus 4 AB,MAT,H,,White,M
SDUNT094,2024,5051-001,AP Statistics,MAT,H,,White,F
SDUNT095,2024,5051-001,AP Statistics,MAT,H,,White,F
SDUNT096,2024,5051-001,AP Statistics,MAT,H,,White,F
SDUNT096,2024,4301-005,AP US History,HS,H,,White,F
SDUNT097,2024,5051-002,AP Statistics,MAT,H,,White,F
SDUNT097,2024,1291-007,AP English 11,ELA,H,,White,F
SDUNT098,2024,5051-001,AP Statistics,MAT,H,,White,M
SDUNT099,2024,5051-001,AP Statistics,MAT,H,,Asian,M
SDUNT099,2024,4301-003,AP US History,HS,H,,Asian,M
SDUNT100,2023,5051-002,AP Statistics,MAT,H,,Asian,F
SDUNT100,2023,6051-001,AP Biology Lab,SCI,H,,Asian,F
SDUNT100,2023,5041-003,AP Calculus 4 BC,MAT,H,,Asian,F
SDUNT101,2023,5051-001,AP Statistics,MAT,H,,White,M
SDUNT101,2023,6071-003,AP Physics Lab,SCI,H,,White,M
SDUNT101,2023,5041-003,AP Calculus 4 BC,MAT,H,,White,M
SDUNT101,2023,4501-001,AP Psychology,HS,H,,White,M
SDUNT102,2023,5051-002,AP Statistics,MAT,H,,Asian,F
SDUNT102,2023,5041-002,AP Calculus 4 BC,MAT,H,,Asian,F
SDUNT102,2023,2051-001,AP French,WL,H,,Asian,F
SDUNT102,2023,6071-003,AP Physics Lab,SCI,H,,Asian,F
SDUNT102,2023,4501-005,AP Psychology,HS,H,,Asian,F
SDUNT103,2023,5051-001,AP Statistics,MAT,H,,White,F
SDUNT103,2023,5041-002,AP Calculus 4 BC,MAT,H,,White,F
SDUNT103,2023,6071-003,AP Physics Lab,SCI,H,,White,F
SDUNT103,2023,1301-001,AP English 12,ELA,H,,White,F
SDUNT104,2024,5051-002,AP Statistics,MAT,H,,White,F
SDUNT104,2024,4301-004,AP US History,HS,H,,White,F
SDUNT104,2024,1291-001,AP English 11,ELA,H,,White,F
SDUNT105,2024,5051-001,AP Statistics,MAT,H,,White,M
SDUNT106,2024,5051-001,AP Statistics,MAT,H,,Asian,M
SDUNT106,2024,4301-002,AP US History,HS,H,,Asian,M
SDUNT107,2024,5051-001,AP Statistics,MAT,H,,Asian,F
SDUNT107,2024,1291-002,AP English 11,ELA,H,,Asian,F
SDUNT107,2024,4301-002,AP US History,HS,H,,Asian,F
SDUNT108,2024,5051-002,AP Statistics,MAT,H,,Asian,F
SDUNT108,2024,1291-001,AP English 11,ELA,H,,Asian,F
SDUNT108,2024,6061-003,AP Chemistry Lab,SCI,H,,Asian,F
SDUNT109,2024,5051-002,AP Statistics,MAT,H,,Asian,M
SDUNT109,2024,1291-005,AP English 11,ELA,H,,Asian,M
SDUNT109,2024,6061-003,AP Chemistry Lab,SCI,H,,Asian,M
SDUNT110,2023,5051-002,AP Statistics,MAT,H,,White,M
SDUNT110,2023,6071-001,AP Physics Lab,SCI,H,,White,M
SDUNT111,2024,4301-003,AP US History,HS,H,,White,M
SDUNT111,2024,6061-002,AP Chemistry Lab,SCI,H,,White,M
SDUNT112,2024,4301-003,AP US History,HS,H,,White,F
SDUNT112,2024,1291-005,AP English 11,ELA,H,,White,F
SDUNT112,2024,7131-001,AP History of Art,ART,H,,White,F
SDUNT113,2024,4301-003,AP US History,HS,H,,White,F
SDUNT113,2024,4561-002,AP Comparative Government,HS,H,,White,F
SDUNT113,2024,1291-003,AP English 11,ELA,H,,White,F
SDUNT114,2024,4301-003,AP US History,HS,H,,White,M
SDUNT114,2024,1291-006,AP English 11,ELA,H,,White,M
SDUNT115,2024,4301-003,AP US History,HS,H,,White,M
SDUNT115,2024,1291-006,AP English 11,ELA,H,,White,M
SDUNT115,2024,5051-003,AP Statistics,MAT,H,,White,M
SDUNT116,2024,4301-003,AP US History,HS,H,,White,M
SDUNT116,2024,1291-005,AP English 11,ELA,H,,White,M
SDUNT116,2024,7131-001,AP History of Art,ART,H,,White,M
SDUNT116,2024,6061-001,AP Chemistry Lab,SCI,H,,White,M
SDUNT117,2024,4301-003,AP US History,HS,H,,White,M
SDUNT117,2024,6061-003,AP Chemistry Lab,SCI,H,,White,M
SDUNT118,2024,4301-003,AP US History,HS,H,,White,M
SDUNT119,2024,4301-003,AP US History,HS,H,,White,F
SDUNT120,2024,4301-003,AP US History,HS,H,,Asian,M
SDUNT120,2024,1291-003,AP English 11,ELA,H,,Asian,M
SDUNT121,2024,4301-003,AP US History,HS,H,,White,F
SDUNT122,2024,4301-003,AP US History,HS,H,,Two or more races,F
SDUNT122,2024,1291-006,AP English 11,ELA,H,,Two or more races,F
SDUNT122,2024,5051-006,AP Statistics,MAT,H,,Two or more races,F
SDUNT123,2024,4301-003,AP US History,HS,H,,White,M
SDUNT123,2024,5051-004,AP Statistics,MAT,H,,White,M
SDUNT124,2024,4301-003,AP US History,HS,H,,Asian,M
SDUNT124,2024,1291-006,AP English 11,ELA,H,,Asian,M
SDUNT125,2024,4301-003,AP US History,HS,H,,White,F
SDUNT125,2024,1291-006,AP English 11,ELA,H,,White,F
SDUNT126,2024,4301-003,AP US History,HS,H,,White,F
SDUNT127,2024,4301-003,AP US History,HS,H,,White,F
SDUNT127,2024,2051-001,AP French,WL,H,,White,F
SDUNT127,2024,1291-004,AP English 11,ELA,H,,White,F
SDUNT128,2024,4301-003,AP US History,HS,H,,Hispanic/Latino,F
SDUNT128,2024,1291-004,AP English 11,ELA,H,,Hispanic/Latino,F
SDUNT129,2024,4301-003,AP US History,HS,H,,White,F
SDUNT129,2024,1291-003,AP English 11,ELA,H,,White,F
SDUNT129,2024,5051-005,AP Statistics,MAT,H,,White,F
SDUNT130,2024,4301-003,AP US History,HS,H,,White,M
SDUNT130,2024,1291-003,AP English 11,ELA,H,,White,M
SDUNT130,2024,5051-006,AP Statistics,MAT,H,,White,M
SDUNT131,2024,4301-003,AP US History,HS,H,,Asian,F
SDUNT131,2024,1291-005,AP English 11,ELA,H,,Asian,F
SDUNT132,2024,4301-003,AP US History,HS,H,,Two or more races,F
SDUNT132,2024,1291-003,AP English 11,ELA,H,,Two or more races,F
SDUNT133,2024,4301-003,AP US History,HS,H,,White,M
SDUNT134,2024,4301-003,AP US History,HS,H,,White,M
SDUNT134,2024,5051-004,AP Statistics,MAT,H,,White,M
SDUNT135,2024,4301-003,AP US History,HS,H,,Asian,M
SDUNT135,2024,2961-001,AP Chinese,WL,H,,Asian,M
SDUNT135,2024,1291-004,AP English 11,ELA,H,,Asian,M
SDUNT136,2023,4501-002,AP Psychology,HS,H,,White,F
SDUNT137,2023,4501-002,AP Psychology,HS,H,,Hispanic/Latino,F
SDUNT137,2023,5051-003,AP Statistics,MAT,H,,Hispanic/Latino,F
SDUNT138,2023,4501-002,AP Psychology,HS,H,,Asian,M
SDUNT138,2023,5051-004,AP Statistics,MAT,H,,Asian,M
SDUNT138,2023,5041-002,AP Calculus 4 BC,MAT,H,,Asian,M
SDUNT139,2023,4501-002,AP Psychology,HS,H,,Hispanic/Latino,M
SDUNT139,2023,5081-004,AP Calculus 4 AB,MAT,H,,Hispanic/Latino,M
SDUNT140,2023,4501-002,AP Psychology,HS,H,,Hispanic/Latino,M
SDUNT140,2023,5041-002,AP Calculus 4 BC,MAT,H,,Hispanic/Latino,M
SDUNT140,2023,2051-001,AP French,WL,H,,Hispanic/Latino,M
SDUNT140,2023,6071-003,AP Physics Lab,SCI,H,,Hispanic/Latino,M
SDUNT141,2023,4501-002,AP Psychology,HS,H,,White,F
SDUNT141,2023,5081-003,AP Calculus 4 AB,MAT,H,,White,F
SDUNT141,2023,1301-001,AP English 12,ELA,H,,White,F
SDUNT142,2023,4501-002,AP Psychology,HS,H,,White,M
SDUNT142,2023,5041-002,AP Calculus 4 BC,MAT,H,,White,M
SDUNT142,2023,6071-001,AP Physics Lab,SCI,H,,White,M
SDUNT143,2023,4501-002,AP Psychology,HS,H,,White,M
SDUNT143,2023,5081-003,AP Calculus 4 AB,MAT,H,,White,M
SDUNT143,2023,5051-003,AP Statistics,MAT,H,,White,M
SDUNT144,2023,4501-002,AP Psychology,HS,H,,White,M
SDUNT144,2023,2051-001,AP French,WL,H,,White,M
SDUNT144,2023,5041-003,AP Calculus 4 BC,MAT,H,,White,M
SDUNT144,2023,1301-003,AP English 12,ELA,H,,White,M
SDUNT144,2023,6071-001,AP Physics Lab,SCI,H,,White,M
SDUNT145,2023,4501-002,AP Psychology,HS,H,,White,M
SDUNT145,2023,5041-001,AP Calculus 4 BC,MAT,H,,White,M
SDUNT145,2023,6071-003,AP Physics Lab,SCI,H,,White,M
SDUNT145,2023,5051-006,AP Statistics,MAT,H,,White,M
SDUNT146,2023,4501-002,AP Psychology,HS,H,,White,F
SDUNT146,2023,5041-001,AP Calculus 4 BC,MAT,H,,White,F
SDUNT146,2023,6051-002,AP Biology Lab,SCI,H,,White,F
SDUNT146,2023,1301-002,AP English 12,ELA,H,,White,F
SDUNT147,2023,4501-002,AP Psychology,HS,H,,Asian,F
SDUNT147,2023,4561-001,AP Comparative Government,HS,H,,Asian,F
SDUNT147,2023,2961-001,AP Chinese,WL,H,,Asian,F
SDUNT147,2023,5041-003,AP Calculus 4 BC,MAT,H,,Asian,F
SDUNT147,2023,1301-003,AP English 12,ELA,H,,Asian,F
SDUNT148,2023,4501-002,AP Psychology,HS,H,METCO,Black/African American,F
SDUNT149,2024,4501-002,AP Psychology,HS,H,,White,F
SDUNT149,2024,6051-003,AP Biology Lab,SCI,H,,White,F
SDUNT150,2023,4501-002,AP Psychology,HS,H,,Two or more races,M
SDUNT150,2023,5081-003,AP Calculus 4 AB,MAT,H,,Two or more races,M
SDUNT151,2023,4501-002,AP Psychology,HS,H,,Hispanic/Latino,M
SDUNT151,2023,5081-005,AP Calculus 4 AB,MAT,H,,Hispanic/Latino,M
SDUNT151,2023,6071-004,AP Physics Lab,SCI,H,,Hispanic/Latino,M
SDUNT152,2023,4501-002,AP Psychology,HS,H,,Asian,M
SDUNT152,2023,5041-001,AP Calculus 4 BC,MAT,H,,Asian,M
SDUNT152,2023,2961-001,AP Chinese,WL,H,,Asian,M
SDUNT153,2023,4501-002,AP Psychology,HS,H,,Hispanic/Latino,F
SDUNT154,2023,4501-002,AP Psychology,HS,H,,White,F
SDUNT154,2023,2651-001,AP Italian,WL,H,,White,F
SDUNT155,2023,4501-002,AP Psychology,HS,H,,White,M
SDUNT155,2023,6071-003,AP Physics Lab,SCI,H,,White,M
SDUNT155,2023,5041-004,AP Calculus 4 BC,MAT,H,,White,M
SDUNT156,2023,4501-002,AP Psychology,HS,H,,White,F
SDUNT156,2023,5041-002,AP Calculus 4 BC,MAT,H,,White,F
SDUNT156,2023,5051-006,AP Statistics,MAT,H,,White,F
SDUNT156,2023,1301-002,AP English 12,ELA,H,,White,F
SDUNT156,2023,6071-001,AP Physics Lab,SCI,H,,White,F
SDUNT157,2023,4501-002,AP Psychology,HS,H,,Asian,M
SDUNT157,2023,5041-004,AP Calculus 4 BC,MAT,H,,Asian,M
SDUNT157,2023,1301-003,AP English 12,ELA,H,,Asian,M
SDUNT157,2023,6071-004,AP Physics Lab,SCI,H,,Asian,M
SDUNT158,2023,2481-002,AP Spanish,WL,H,,Hispanic/Latino,M
SDUNT159,2023,2481-002,AP Spanish,WL,H,,Two or more races,F
SDUNT159,2023,6051-002,AP Biology Lab,SCI,H,,Two or more races,F
SDUNT159,2023,5041-004,AP Calculus 4 BC,MAT,H,,Two or more races,F
SDUNT159,2023,4501-003,AP Psychology,HS,H,,Two or more races,F
SDUNT160,2023,2481-002,AP Spanish,WL,H,,Hispanic/Latino,M
SDUNT160,2023,5081-006,AP Calculus 4 AB,MAT,H,,Hispanic/Latino,M
SDUNT160,2023,4401-001,AP European History,HS,H,,Hispanic/Latino,M
SDUNT161,2023,2481-002,AP Spanish,WL,H,,White,M
SDUNT161,2023,6071-002,AP Physics Lab,SCI,H,,White,M
SDUNT161,2023,5041-004,AP Calculus 4 BC,MAT,H,,White,M
SDUNT162,2023,2481-002,AP Spanish,WL,H,,White,M
SDUNT163,2023,2481-002,AP Spanish,WL,H,,Hispanic/Latino,F
SDUNT163,2023,6051-002,AP Biology Lab,SCI,H,,Hispanic/Latino,F
SDUNT163,2023,4501-006,AP Psychology,HS,H,,Hispanic/Latino,F
SDUNT164,2023,2481-002,AP Spanish,WL,H,,White,F
SDUNT164,2023,4561-002,AP Comparative Government,HS,H,,White,F
SDUNT164,2023,4401-001,AP European History,HS,H,,White,F
SDUNT165,2023,2481-002,AP Spanish,WL,H,,White,F
SDUNT165,2023,5081-006,AP Calculus 4 AB,MAT,H,,White,F
SDUNT165,2023,5051-003,AP Statistics,MAT,H,,White,F
SDUNT165,2023,4501-001,AP Psychology,HS,H,,White,F
SDUNT166,2023,2481-002,AP Spanish,WL,H,,White,F
SDUNT166,2023,6071-002,AP Physics Lab,SCI,H,,White,F
SDUNT166,2023,5041-003,AP Calculus 4 BC,MAT,H,,White,F
SDUNT166,2023,1301-003,AP English 12,ELA,H,,White,F
SDUNT167,2023,2481-002,AP Spanish,WL,H,,White,N
SDUNT167,2023,5051-006,AP Statistics,MAT,H,,White,N
SDUNT167,2023,4501-001,AP Psychology,HS,H,,White,N
SDUNT168,2023,2481-002,AP Spanish,WL,H,,Hispanic/Latino,M
SDUNT168,2023,5051-003,AP Statistics,MAT,H,,Hispanic/Latino,M
SDUNT168,2023,4501-006,AP Psychology,HS,H,,Hispanic/Latino,M
SDUNT169,2023,2481-002,AP Spanish,WL,H,,White,F
SDUNT169,2023,7131-001,AP History of Art,ART,H,,White,F
SDUNT169,2023,4501-003,AP Psychology,HS,H,,White,F
SDUNT170,2023,2481-002,AP Spanish,WL,H,,White,M
SDUNT170,2023,6051-001,AP Biology Lab,SCI,H,,White,M
SDUNT170,2023,5041-004,AP Calculus 4 BC,MAT,H,,White,M
SDUNT170,2023,1301-003,AP English 12,ELA,H,,White,M
SDUNT171,2023,2481-002,AP Spanish,WL,H,,White,F
SDUNT171,2023,5041-002,AP Calculus 4 BC,MAT,H,,White,F
SDUNT171,2023,6071-001,AP Physics Lab,SCI,H,,White,F
SDUNT172,2024,2481-002,AP Spanish,WL,H,,Hispanic/Latino,F
SDUNT172,2024,4301-004,AP US History,HS,H,,Hispanic/Latino,F
SDUNT173,2023,2481-002,AP Spanish,WL,H,,Asian,F
SDUNT173,2023,6071-003,AP Physics Lab,SCI,H,,Asian,F
SDUNT173,2023,6051-001,AP Biology Lab,SCI,H,,Asian,F
SDUNT173,2023,5041-004,AP Calculus 4 BC,MAT,H,,Asian,F
SDUNT174,2023,2481-002,AP Spanish,WL,H,,Asian,F
SDUNT174,2023,4501-003,AP Psychology,HS,H,,Asian,F
SDUNT175,2024,5051-004,AP Statistics,MAT,H,,Asian,M
SDUNT175,2024,6061-003,AP Chemistry Lab,SCI,H,,Asian,M
SDUNT176,2023,5051-004,AP Statistics,MAT,H,,White,M
SDUNT176,2023,4501-004,AP Psychology,HS,H,,White,M
SDUNT177,2023,5051-004,AP Statistics,MAT,H,,White,M
SDUNT177,2023,4501-003,AP Psychology,HS,H,,White,M
SDUNT178,2023,5051-004,AP Statistics,MAT,H,,Two or more races,F
SDUNT178,2023,4561-002,AP Comparative Government,HS,H,,Two or more races,F
SDUNT178,2023,5081-004,AP Calculus 4 AB,MAT,H,,Two or more races,F
SDUNT178,2023,4501-004,AP Psychology,HS,H,,Two or more races,F
SDUNT179,2023,5051-004,AP Statistics,MAT,H,,White,M
SDUNT179,2023,5081-005,AP Calculus 4 AB,MAT,H,,White,M
SDUNT179,2023,2651-001,AP Italian,WL,H,,White,M
SDUNT180,2024,5051-004,AP Statistics,MAT,H,,Asian,M
SDUNT180,2024,1291-001,AP English 11,ELA,H,,Asian,M
SDUNT180,2024,4301-001,AP US History,HS,H,,Asian,M
SDUNT181,2024,5051-004,AP Statistics,MAT,H,,Asian,M
SDUNT182,2023,5051-004,AP Statistics,MAT,H,,White,M
SDUNT182,2023,5081-006,AP Calculus 4 AB,MAT,H,,White,M
SDUNT182,2023,1301-002,AP English 12,ELA,H,,White,M
SDUNT183,2023,5051-004,AP Statistics,MAT,H,,White,F
SDUNT184,2023,5051-004,AP Statistics,MAT,H,,White,M
SDUNT185,2023,5051-004,AP Statistics,MAT,H,,White,F
SDUNT185,2023,5041-002,AP Calculus 4 BC,MAT,H,,White,F
SDUNT185,2023,6071-002,AP Physics Lab,SCI,H,,White,F
SDUNT186,2024,5051-004,AP Statistics,MAT,H,,Two or more races,M
SDUNT187,2024,5051-004,AP Statistics,MAT,H,,White,F
SDUNT187,2024,4301-004,AP US History,HS,H,,White,F
SDUNT187,2024,1291-001,AP English 11,ELA,H,,White,F
SDUNT188,2023,5051-004,AP Statistics,MAT,H,,White,F
SDUNT188,2023,5081-004,AP Calculus 4 AB,MAT,H,,White,F
SDUNT188,2023,4501-003,AP Psychology,HS,H,,White,F
SDUNT189,2024,5051-004,AP Statistics,MAT,H,,Two or more races,M
SDUNT189,2024,4301-004,AP US History,HS,H,,Two or more races,M
SDUNT190,2023,5051-004,AP Statistics,MAT,H,,White,M
SDUNT190,2023,7131-001,AP History of Art,ART,H,,White,M
SDUNT191,2023,5051-004,AP Statistics,MAT,H,METCO,Black/African American,M
SDUNT191,2023,5081-004,AP Calculus 4 AB,MAT,H,METCO,Black/African American,M
SDUNT192,2024,5051-004,AP Statistics,MAT,H,,White,F
SDUNT193,2023,5051-004,AP Statistics,MAT,H,,White,F
SDUNT193,2023,5081-005,AP Calculus 4 AB,MAT,H,,White,F
SDUNT193,2023,4501-006,AP Psychology,HS,H,,White,F
SDUNT194,2024,5051-004,AP Statistics,MAT,H,,White,F
SDUNT195,2023,5051-004,AP Statistics,MAT,H,,White,M
SDUNT195,2023,6071-002,AP Physics Lab,SCI,H,,White,M
SDUNT195,2023,5041-003,AP Calculus 4 BC,MAT,H,,White,M
SDUNT195,2023,4501-001,AP Psychology,HS,H,,White,M
SDUNT196,2024,5051-004,AP Statistics,MAT,H,,White,F
SDUNT196,2024,1291-007,AP English 11,ELA,H,,White,F
SDUNT197,2024,5051-004,AP Statistics,MAT,H,,White,M
SDUNT197,2024,4301-005,AP US History,HS,H,,White,M
SDUNT198,2024,5051-004,AP Statistics,MAT,H,,Hispanic/Latino,F
SDUNT198,2024,4301-005,AP US History,HS,H,,Hispanic/Latino,F
SDUNT198,2024,1291-003,AP English 11,ELA,H,,Hispanic/Latino,F
SDUNT198,2024,6061-003,AP Chemistry Lab,SCI,H,,Hispanic/Latino,F
SDUNT199,2023,5051-004,AP Statistics,MAT,H,,Asian,M
SDUNT199,2023,5081-004,AP Calculus 4 AB,MAT,H,,Asian,M
SDUNT199,2023,4501-004,AP Psychology,HS,H,,Asian,M
SDUNT200,2023,2481-001,AP Spanish,WL,H,,White,F
SDUNT200,2023,6071-003,AP Physics Lab,SCI,H,,White,F
SDUNT200,2023,5051-005,AP Statistics,MAT,H,,White,F
SDUNT200,2023,5041-004,AP Calculus 4 BC,MAT,H,,White,F
SDUNT201,2023,2481-001,AP Spanish,WL,H,,Hispanic/Latino,F
SDUNT201,2023,5041-001,AP Calculus 4 BC,MAT,H,,Hispanic/Latino,F
SDUNT201,2023,6071-003,AP Physics Lab,SCI,H,,Hispanic/Latino,F
SDUNT202,2024,2481-001,AP Spanish,WL,H,,Hispanic/Latino,M
SDUNT203,2023,2481-001,AP Spanish,WL,H,,White,F
SDUNT203,2023,4501-003,AP Psychology,HS,H,,White,F
SDUNT204,2023,2481-001,AP Spanish,WL,H,,Asian,M
SDUNT204,2023,4561-002,AP Comparative Government,HS,H,,Asian,M
SDUNT204,2023,5041-004,AP Calculus 4 BC,MAT,H,,Asian,M
SDUNT204,2023,1301-001,AP English 12,ELA,H,,Asian,M
SDUNT204,2023,4501-006,AP Psychology,HS,H,,Asian,M
SDUNT205,2023,2481-001,AP Spanish,WL,H,,White,F
SDUNT205,2023,6071-003,AP Physics Lab,SCI,H,,White,F
SDUNT205,2023,5041-004,AP Calculus 4 BC,MAT,H,,White,F
SDUNT206,2023,2481-001,AP Spanish,WL,H,,Asian,F
SDUNT206,2023,4561-002,AP Comparative Government,HS,H,,Asian,F
SDUNT207,2023,2481-001,AP Spanish,WL,H,,White,F
SDUNT207,2023,5041-002,AP Calculus 4 BC,MAT,H,,White,F
SDUNT207,2023,7131-001,AP History of Art,ART,H,,White,F
SDUNT207,2023,1301-001,AP English 12,ELA,H,,White,F
SDUNT208,2023,2481-001,AP Spanish,WL,H,,White,M
SDUNT208,2023,1301-002,AP English 12,ELA,H,,White,M
SDUNT208,2023,5041-004,AP Calculus 4 BC,MAT,H,,White,M
SDUNT208,2023,6061-001,AP Chemistry Lab,SCI,H,,White,M
SDUNT209,2023,2481-001,AP Spanish,WL,H,,White,F
SDUNT209,2023,5041-003,AP Calculus 4 BC,MAT,H,,White,F
SDUNT209,2023,6071-004,AP Physics Lab,SCI,H,,White,F
SDUNT210,2023,2481-001,AP Spanish,WL,H,,Hispanic/Latino,F
SDUNT210,2023,8131-001,AP Music Theory,MUS,H,,Hispanic/Latino,F
SDUNT211,2025,2481-001,AP Spanish,WL,H,,Hispanic/Latino,M
SDUNT212,2023,2481-001,AP Spanish,WL,H,,Two or more races,F
SDUNT212,2023,5081-003,AP Calculus 4 AB,MAT,H,,Two or more races,F
SDUNT212,2023,5051-003,AP Statistics,MAT,H,,Two or more races,F
SDUNT212,2023,4501-004,AP Psychology,HS,H,,Two or more races,F
SDUNT213,2023,2481-001,AP Spanish,WL,H,,White,F
SDUNT214,2023,5041-001,AP Calculus 4 BC,MAT,H,,Asian,F
SDUNT214,2023,6051-002,AP Biology Lab,SCI,H,,Asian,F
SDUNT214,2023,4501-004,AP Psychology,HS,H,,Asian,F
SDUNT215,2023,5041-001,AP Calculus 4 BC,MAT,H,,White,M
SDUNT215,2023,4501-006,AP Psychology,HS,H,,White,M
SDUNT215,2023,6071-001,AP Physics Lab,SCI,H,,White,M
SDUNT216,2023,5041-001,AP Calculus 4 BC,MAT,H,,Hispanic/Latino,M
SDUNT216,2023,6071-002,AP Physics Lab,SCI,H,,Hispanic/Latino,M
SDUNT217,2023,5041-001,AP Calculus 4 BC,MAT,H,,White,M
SDUNT217,2023,1301-001,AP English 12,ELA,H,,White,M
SDUNT217,2023,4501-001,AP Psychology,HS,H,,White,M
SDUNT217,2023,6071-001,AP Physics Lab,SCI,H,,White,M
SDUNT218,2023,5041-001,AP Calculus 4 BC,MAT,H,,White,F
SDUNT218,2023,6071-002,AP Physics Lab,SCI,H,,White,F
SDUNT218,2023,6051-002,AP Biology Lab,SCI,H,,White,F
SDUNT219,2023,5041-002,AP Calculus 4 BC,MAT,H,,White,M
SDUNT219,2023,6071-003,AP Physics Lab,SCI,H,,White,M
SDUNT219,2023,2651-001,AP Italian,WL,H,,White,M
SDUNT219,2023,4501-001,AP Psychology,HS,H,,White,M
SDUNT220,2023,5041-001,AP Calculus 4 BC,MAT,H,,Hispanic/Latino,F
SDUNT220,2023,4501-004,AP Psychology,HS,H,,Hispanic/Latino,F
SDUNT220,2023,6071-001,AP Physics Lab,SCI,H,,Hispanic/Latino,F
SDUNT221,2023,5041-001,AP Calculus 4 BC,MAT,H,,Hispanic/Latino,F
SDUNT221,2023,6071-002,AP Physics Lab,SCI,H,,Hispanic/Latino,F
SDUNT222,2023,5041-001,AP Calculus 4 BC,MAT,H,,Asian,M
SDUNT222,2023,4501-006,AP Psychology,HS,H,,Asian,M
SDUNT223,2023,5041-002,AP Calculus 4 BC,MAT,H,,Asian,M
SDUNT223,2023,6071-003,AP Physics Lab,SCI,H,,Asian,M
SDUNT223,2023,4501-005,AP Psychology,HS,H,,Asian,M
SDUNT224,2023,5041-002,AP Calculus 4 BC,MAT,H,,Asian,M
SDUNT224,2023,4501-006,AP Psychology,HS,H,,Asian,M
SDUNT224,2023,6071-001,AP Physics Lab,SCI,H,,Asian,M
SDUNT225,2023,5041-001,AP Calculus 4 BC,MAT,H,,Two or more races,M
SDUNT225,2023,6071-001,AP Physics Lab,SCI,H,,Two or more races,M
SDUNT226,2023,5041-002,AP Calculus 4 BC,MAT,H,,Asian,M
SDUNT226,2023,6071-002,AP Physics Lab,SCI,H,,Asian,M
SDUNT226,2023,8131-001,AP Music Theory,MUS,H,,Asian,M
SDUNT226,2023,1301-001,AP English 12,ELA,H,,Asian,M
SDUNT226,2023,4501-006,AP Psychology,HS,H,,Asian,M
SDUNT227,2023,5041-002,AP Calculus 4 BC,MAT,H,,Two or more races,M
SDUNT227,2023,6061-001,AP Chemistry Lab,SCI,H,,Two or more races,M
SDUNT227,2023,6071-001,AP Physics Lab,SCI,H,,Two or more races,M
SDUNT228,2023,5041-001,AP Calculus 4 BC,MAT,H,,Two or more races,F
SDUNT228,2023,4501-001,AP Psychology,HS,H,,Two or more races,F
SDUNT229,2023,5041-002,AP Calculus 4 BC,MAT,H,,White,F
SDUNT229,2023,6071-004,AP Physics Lab,SCI,H,,White,F
SDUNT230,2023,5041-002,AP Calculus 4 BC,MAT,H,,Asian,M
SDUNT230,2023,4401-001,AP European History,HS,H,,Asian,M
SDUNT230,2023,6061-003,AP Chemistry Lab,SCI,H,,Asian,M
SDUNT230,2023,6071-004,AP Physics Lab,SCI,H,,Asian,M
SDUNT231,2023,5041-002,AP Calculus 4 BC,MAT,H,,White,M
SDUNT231,2023,6071-001,AP Physics Lab,SCI,H,,White,M
SDUNT232,2025,5041-002,AP Calculus 4 BC,MAT,H,,White,M
SDUNT232,2025,6071-001,AP Physics Lab,SCI,H,,White,M
SDUNT233,2023,5041-002,AP Calculus 4 BC,MAT,H,,White,M
SDUNT233,2023,6071-002,AP Physics Lab,SCI,H,,White,M
SDUNT233,2023,2651-001,AP Italian,WL,H,,White,M
SDUNT233,2023,4401-001,AP European History,HS,H,,White,M
SDUNT234,2023,5041-002,AP Calculus 4 BC,MAT,H,,White,F
SDUNT234,2023,6071-002,AP Physics Lab,SCI,H,,White,F
SDUNT235,2023,5041-001,AP Calculus 4 BC,MAT,H,,Asian,M
SDUNT235,2023,6051-001,AP Biology Lab,SCI,H,,Asian,M
SDUNT236,2023,5041-002,AP Calculus 4 BC,MAT,H,,Asian,M
SDUNT236,2023,4501-005,AP Psychology,HS,H,,Asian,M
SDUNT237,2023,5041-002,AP Calculus 4 BC,MAT,H,,Asian,F
SDUNT237,2023,2651-001,AP Italian,WL,H,,Asian,F
SDUNT237,2023,4501-001,AP Psychology,HS,H,,Asian,F
SDUNT237,2023,6071-004,AP Physics Lab,SCI,H,,Asian,F
SDUNT238,2023,5041-002,AP Calculus 4 BC,MAT,H,,White,M
SDUNT238,2023,4501-001,AP Psychology,HS,H,,White,M
SDUNT239,2023,5041-001,AP Calculus 4 BC,MAT,H,,White,M
SDUNT239,2023,6071-003,AP Physics Lab,SCI,H,,White,M
SDUNT239,2023,4401-001,AP European History,HS,H,,White,M
SDUNT240,2023,5041-001,AP Calculus 4 BC,MAT,H,,White,M
SDUNT240,2023,6071-002,AP Physics Lab,SCI,H,,White,M
SDUNT241,2023,5041-001,AP Calculus 4 BC,MAT,H,,Asian,M
SDUNT241,2023,6071-002,AP Physics Lab,SCI,H,,Asian,M
SDUNT241,2023,4501-006,AP Psychology,HS,H,,Asian,M
SDUNT242,2023,5041-002,AP Calculus 4 BC,MAT,H,,White,M
SDUNT242,2023,6051-002,AP Biology Lab,SCI,H,,White,M
SDUNT242,2023,4501-006,AP Psychology,HS,H,,White,M
SDUNT243,2023,5041-001,AP Calculus 4 BC,MAT,H,,Two or more races,F
SDUNT243,2023,6071-003,AP Physics Lab,SCI,H,,Two or more races,F
SDUNT243,2023,6061-003,AP Chemistry Lab,SCI,H,,Two or more races,F
SDUNT243,2023,1301-003,AP English 12,ELA,H,,Two or more races,F
SDUNT244,2023,5041-001,AP Calculus 4 BC,MAT,H,,Two or more races,M
SDUNT244,2023,6071-003,AP Physics Lab,SCI,H,,Two or more races,M
SDUNT244,2023,1301-003,AP English 12,ELA,H,,Two or more races,M
SDUNT245,2023,5041-001,AP Calculus 4 BC,MAT,H,,White,M
SDUNT245,2023,4561-002,AP Comparative Government,HS,H,,White,M
SDUNT245,2023,6071-001,AP Physics Lab,SCI,H,,White,M
SDUNT246,2023,5041-002,AP Calculus 4 BC,MAT,H,,White,F
SDUNT246,2023,6071-002,AP Physics Lab,SCI,H,,White,F
SDUNT246,2023,1301-002,AP English 12,ELA,H,,White,F
SDUNT247,2023,5041-001,AP Calculus 4 BC,MAT,H,,Asian,M
SDUNT247,2023,6051-001,AP Biology Lab,SCI,H,,Asian,M
SDUNT247,2023,4501-004,AP Psychology,HS,H,,Asian,M
SDUNT248,2023,5041-002,AP Calculus 4 BC,MAT,H,,Asian,F
SDUNT248,2023,4561-001,AP Comparative Government,HS,H,,Asian,F
SDUNT248,2023,4501-004,AP Psychology,HS,H,,Asian,F
SDUNT248,2023,1301-003,AP English 12,ELA,H,,Asian,F
SDUNT249,2023,5041-001,AP Calculus 4 BC,MAT,H,,White,F
SDUNT249,2023,6071-002,AP Physics Lab,SCI,H,,White,F
SDUNT250,2023,5041-001,AP Calculus 4 BC,MAT,H,,Asian,M
SDUNT250,2023,6071-003,AP Physics Lab,SCI,H,,Asian,M
SDUNT250,2023,2961-001,AP Chinese,WL,H,,Asian,M
SDUNT250,2023,4501-004,AP Psychology,HS,H,,Asian,M
SDUNT250,2023,1301-003,AP English 12,ELA,H,,Asian,M
SDUNT251,2023,2051-001,AP French,WL,H,,Hispanic/Latino,M
SDUNT251,2023,5041-004,AP Calculus 4 BC,MAT,H,,Hispanic/Latino,M
SDUNT251,2023,1301-003,AP English 12,ELA,H,,Hispanic/Latino,M
SDUNT251,2023,6071-004,AP Physics Lab,SCI,H,,Hispanic/Latino,M
SDUNT252,2023,2051-001,AP French,WL,H,,White,F
SDUNT252,2023,5081-006,AP Calculus 4 AB,MAT,H,,White,F
SDUNT252,2023,6051-002,AP Biology Lab,SCI,H,,White,F
SDUNT252,2023,4501-005,AP Psychology,HS,H,,White,F
SDUNT253,2023,2051-001,AP French,WL,H,,White,F
SDUNT253,2023,6051-001,AP Biology Lab,SCI,H,,White,F
SDUNT253,2023,5041-004,AP Calculus 4 BC,MAT,H,,White,F
SDUNT254,2024,2051-001,AP French,WL,H,,White,M
SDUNT255,2023,2051-001,AP French,WL,H,,White,F
SDUNT255,2023,5081-004,AP Calculus 4 AB,MAT,H,,White,F
SDUNT256,2023,2051-001,AP French,WL,H,,White,F
SDUNT256,2023,6071-002,AP Physics Lab,SCI,H,,White,F
SDUNT256,2023,1301-002,AP English 12,ELA,H,,White,F
SDUNT256,2023,4401-001,AP European History,HS,H,,White,F
SDUNT257,2024,2051-001,AP French,WL,H,,White,M
SDUNT258,2023,2051-001,AP French,WL,H,,White,M
SDUNT258,2023,4401-001,AP European History,HS,H,,White,M
SDUNT259,2024,2051-001,AP French,WL,H,,White,F
SDUNT259,2024,1291-002,AP English 11,ELA,H,,White,F
SDUNT259,2024,4301-001,AP US History,HS,H,,White,F
SDUNT260,2023,2051-001,AP French,WL,H,,Asian,F
SDUNT260,2023,5041-004,AP Calculus 4 BC,MAT,H,,Asian,F
SDUNT260,2023,4501-003,AP Psychology,HS,H,,Asian,F
SDUNT260,2023,6051-003,AP Biology Lab,SCI,H,,Asian,F
SDUNT260,2023,1301-003,AP English 12,ELA,H,,Asian,F
SDUNT261,2024,4301-005,AP US History,HS,H,,White,F
SDUNT261,2024,1291-002,AP English 11,ELA,H,,White,F
SDUNT262,2024,4301-005,AP US History,HS,H,,White,M
SDUNT263,2024,4301-005,AP US History,HS,H,,White,F
SDUNT263,2024,1291-003,AP English 11,ELA,H,,White,F
SDUNT264,2024,4301-005,AP US History,HS,H,,White,M
SDUNT264,2024,6061-003,AP Chemistry Lab,SCI,H,,White,M
SDUNT265,2024,4301-005,AP US History,HS,H,,White,F
SDUNT265,2024,6061-002,AP Chemistry Lab,SCI,H,,White,F
SDUNT266,2024,4301-005,AP US History,HS,H,,White,F
SDUNT266,2024,1291-004,AP English 11,ELA,H,,White,F
SDUNT267,2024,4301-005,AP US History,HS,H,,Asian,M
SDUNT267,2024,1291-006,AP English 11,ELA,H,,Asian,M
SDUNT267,2024,8131-001,AP Music Theory,MUS,H,,Asian,M
SDUNT268,2024,4301-005,AP US History,HS,H,,White,M
SDUNT269,2024,4301-005,AP US History,HS,H,,White,F
SDUNT270,2024,4301-005,AP US History,HS,H,,Asian,M
SDUNT270,2024,6061-002,AP Chemistry Lab,SCI,H,,Asian,M
SDUNT271,2024,4301-005,AP US History,HS,H,,White,F
SDUNT271,2024,6061-003,AP Chemistry Lab,SCI,H,,White,F
SDUNT272,2024,4301-005,AP US History,HS,H,,Asian,F
SDUNT272,2024,1291-003,AP English 11,ELA,H,,Asian,F
SDUNT273,2024,4301-005,AP US History,HS,H,,White,F
SDUNT273,2024,1291-006,AP English 11,ELA,H,,White,F
SDUNT274,2024,4301-005,AP US History,HS,H,,White,F
SDUNT274,2024,1291-002,AP English 11,ELA,H,,White,F
SDUNT274,2024,5051-005,AP Statistics,MAT,H,,White,F
SDUNT275,2024,4301-005,AP US History,HS,H,,Two or more races,F
SDUNT275,2024,1291-001,AP English 11,ELA,H,,Two or more races,F
SDUNT276,2024,4301-005,AP US History,HS,H,,White,F
SDUNT276,2024,1291-006,AP English 11,ELA,H,,White,F
SDUNT276,2024,6061-002,AP Chemistry Lab,SCI,H,,White,F
SDUNT277,2024,4301-005,AP US History,HS,H,,White,F
SDUNT277,2024,1291-006,AP English 11,ELA,H,,White,F
SDUNT278,2024,4301-005,AP US History,HS,H,,Two or more races,F
SDUNT279,2023,4561-002,AP Comparative Government,HS,H,,White,M
SDUNT279,2023,5041-004,AP Calculus 4 BC,MAT,H,,White,M
SDUNT279,2023,1301-003,AP English 12,ELA,H,,White,M
SDUNT280,2023,4561-002,AP Comparative Government,HS,H,,Black/African American,F
SDUNT280,2023,6051-001,AP Biology Lab,SCI,H,,Black/African American,F
SDUNT280,2023,5051-003,AP Statistics,MAT,H,,Black/African American,F
SDUNT280,2023,4501-004,AP Psychology,HS,H,,Black/African American,F
SDUNT281,2023,4561-001,AP Comparative Government,HS,H,,White,F
SDUNT281,2023,5081-005,AP Calculus 4 AB,MAT,H,,White,F
SDUNT281,2023,1301-001,AP English 12,ELA,H,,White,F
SDUNT282,2023,4561-001,AP Comparative Government,HS,H,,White,F
SDUNT282,2023,2961-001,AP Chinese,WL,H,,White,F
SDUNT282,2023,5081-006,AP Calculus 4 AB,MAT,H,,White,F
SDUNT282,2023,1301-001,AP English 12,ELA,H,,White,F
SDUNT283,2023,4561-002,AP Comparative Government,HS,H,,White,M
SDUNT283,2023,5041-004,AP Calculus 4 BC,MAT,H,,White,M
SDUNT283,2023,6051-003,AP Biology Lab,SCI,H,,White,M
SDUNT284,2023,4561-002,AP Comparative Government,HS,H,,White,F
SDUNT285,2023,4561-001,AP Comparative Government,HS,H,,Hispanic/Latino,M
SDUNT285,2023,6071-002,AP Physics Lab,SCI,H,,Hispanic/Latino,M
SDUNT285,2023,5041-003,AP Calculus 4 BC,MAT,H,,Hispanic/Latino,M
SDUNT286,2023,4561-001,AP Comparative Government,HS,H,,White,F
SDUNT286,2023,5041-004,AP Calculus 4 BC,MAT,H,,White,F
SDUNT287,2023,4561-002,AP Comparative Government,HS,H,,White,F
SDUNT287,2023,5081-005,AP Calculus 4 AB,MAT,H,,White,F
SDUNT287,2023,5051-003,AP Statistics,MAT,H,,White,F
SDUNT288,2023,4561-002,AP Comparative Government,HS,H,,Asian,M
SDUNT288,2023,5051-006,AP Statistics,MAT,H,,Asian,M
SDUNT289,2023,4561-001,AP Comparative Government,HS,H,,White,M
SDUNT289,2023,6051-001,AP Biology Lab,SCI,H,,White,M
SDUNT290,2023,4561-001,AP Comparative Government,HS,H,,White,F
SDUNT290,2023,1301-002,AP English 12,ELA,H,,White,F
SDUNT291,2023,4561-001,AP Comparative Government,HS,H,,White,F
SDUNT292,2023,4561-001,AP Comparative Government,HS,H,,White,F
SDUNT292,2023,5081-006,AP Calculus 4 AB,MAT,H,,White,F
SDUNT292,2023,6051-002,AP Biology Lab,SCI,H,,White,F
SDUNT293,2023,4561-001,AP Comparative Government,HS,H,,Two or more races,F
SDUNT293,2023,5081-005,AP Calculus 4 AB,MAT,H,,Two or more races,F
SDUNT293,2023,4501-004,AP Psychology,HS,H,,Two or more races,F
SDUNT294,2023,4561-001,AP Comparative Government,HS,H,,White,M
SDUNT294,2023,6071-003,AP Physics Lab,SCI,H,,White,M
SDUNT294,2023,5041-004,AP Calculus 4 BC,MAT,H,,White,M
SDUNT294,2023,1301-003,AP English 12,ELA,H,,White,M
SDUNT295,2023,4561-001,AP Comparative Government,HS,H,,White,F
SDUNT296,2023,4561-002,AP Comparative Government,HS,H,,White,F
SDUNT296,2023,5081-003,AP Calculus 4 AB,MAT,H,,White,F
SDUNT296,2023,6051-001,AP Biology Lab,SCI,H,,White,F
SDUNT297,2023,4561-002,AP Comparative Government,HS,H,,Asian,M
SDUNT297,2023,5081-005,AP Calculus 4 AB,MAT,H,,Asian,M
SDUNT297,2023,5051-006,AP Statistics,MAT,H,,Asian,M
SDUNT297,2023,1301-002,AP English 12,ELA,H,,Asian,M
SDUNT298,2023,4561-001,AP Comparative Government,HS,H,,Two or more races,M
SDUNT298,2023,4501-004,AP Psychology,HS,H,,Two or more races,M
SDUNT299,2023,4561-002,AP Comparative Government,HS,H,,White,M
SDUNT300,2024,4561-002,AP Comparative Government,HS,H,,Asian,M
SDUNT301,2024,1291-006,AP English 11,ELA,H,,White,F
SDUNT302,2024,1291-005,AP English 11,ELA,H,,White,F
SDUNT302,2024,4301-001,AP US History,HS,H,,White,F
SDUNT303,2024,1291-006,AP English 11,ELA,H,,Hispanic/Latino,F
SDUNT304,2024,1291-005,AP English 11,ELA,H,,Asian,F
SDUNT304,2024,5081-006,AP Calculus 4 AB,MAT,H,,Asian,F
SDUNT304,2024,4301-001,AP US History,HS,H,,Asian,F
SDUNT305,2024,1291-005,AP English 11,ELA,H,,Black/African American,F
SDUNT305,2024,4301-004,AP US History,HS,H,,Black/African American,F
SDUNT306,2024,1291-005,AP English 11,ELA,H,,Asian,M
SDUNT306,2024,2961-001,AP Chinese,WL,H,,Asian,M
SDUNT307,2024,1291-005,AP English 11,ELA,H,,Asian,M
SDUNT307,2024,5051-003,AP Statistics,MAT,H,,Asian,M
SDUNT307,2024,6061-001,AP Chemistry Lab,SCI,H,,Asian,M
SDUNT308,2024,1291-006,AP English 11,ELA,H,,White,M
SDUNT308,2024,4301-001,AP US History,HS,H,,White,M
SDUNT309,2024,1291-006,AP English 11,ELA,H,,White,M
SDUNT309,2024,4301-002,AP US History,HS,H,,White,M
SDUNT310,2024,1291-006,AP English 11,ELA,H,,White,F
SDUNT310,2024,4301-001,AP US History,HS,H,,White,F
SDUNT311,2024,1291-006,AP English 11,ELA,H,,White,F
SDUNT311,2024,4301-002,AP US History,HS,H,,White,F
SDUNT312,2024,1291-006,AP English 11,ELA,H,,White,M
SDUNT312,2024,4301-002,AP US History,HS,H,,White,M
SDUNT313,2024,1291-005,AP English 11,ELA,H,,White,F
SDUNT314,2024,1291-006,AP English 11,ELA,H,,White,F
SDUNT315,2024,1291-006,AP English 11,ELA,H,,White,M
SDUNT315,2024,4301-004,AP US History,HS,H,,White,M
SDUNT316,2024,1291-005,AP English 11,ELA,H,,White,M
SDUNT316,2024,4301-004,AP US History,HS,H,,White,M
SDUNT317,2024,1291-005,AP English 11,ELA,H,,White,M
SDUNT317,2024,4301-004,AP US History,HS,H,,White,M
SDUNT318,2024,1291-005,AP English 11,ELA,H,,Asian,M
SDUNT318,2024,5051-003,AP Statistics,MAT,H,,Asian,M
SDUNT319,2024,1291-005,AP English 11,ELA,H,,White,F
SDUNT320,2024,1291-005,AP English 11,ELA,H,,White,M
SDUNT320,2024,6061-003,AP Chemistry Lab,SCI,H,,White,M
SDUNT321,2024,1291-005,AP English 11,ELA,H,,Asian,F
SDUNT321,2024,6051-002,AP Biology Lab,SCI,H,,Asian,F
SDUNT321,2024,4301-001,AP US History,HS,H,,Asian,F
SDUNT321,2024,6061-003,AP Chemistry Lab,SCI,H,,Asian,F
SDUNT322,2024,1291-005,AP English 11,ELA,H,,White,F
SDUNT322,2024,5051-005,AP Statistics,MAT,H,,White,F
SDUNT323,2024,1291-005,AP English 11,ELA,H,,Asian,F
SDUNT324,2024,1291-005,AP English 11,ELA,H,,White,M
SDUNT324,2024,4301-001,AP US History,HS,H,,White,M
SDUNT325,2024,1291-006,AP English 11,ELA,H,,White,F
SDUNT325,2024,4301-002,AP US History,HS,H,,White,F
SDUNT326,2024,1291-006,AP English 11,ELA,H,,White,F
SDUNT327,2023,5081-004,AP Calculus 4 AB,MAT,H,,White,F
SDUNT328,2023,5081-005,AP Calculus 4 AB,MAT,H,,White,M
SDUNT329,2023,5081-005,AP Calculus 4 AB,MAT,H,,White,M
SDUNT329,2023,5051-006,AP Statistics,MAT,H,,White,M
SDUNT330,2023,5081-005,AP Calculus 4 AB,MAT,H,,Two or more races,M
SDUNT330,2023,1301-002,AP English 12,ELA,H,,Two or more races,M
SDUNT330,2023,4501-005,AP Psychology,HS,H,,Two or more races,M
SDUNT331,2023,5081-004,AP Calculus 4 AB,MAT,H,,White,F
SDUNT331,2023,5051-005,AP Statistics,MAT,H,,White,F
SDUNT331,2023,4501-001,AP Psychology,HS,H,,White,F
SDUNT332,2023,5081-004,AP Calculus 4 AB,MAT,H,,White,F
SDUNT332,2023,1301-002,AP English 12,ELA,H,,White,F
SDUNT332,2023,4501-003,AP Psychology,HS,H,,White,F
SDUNT333,2023,5081-005,AP Calculus 4 AB,MAT,H,,Hispanic/Latino,M
SDUNT333,2023,6071-004,AP Physics Lab,SCI,H,,Hispanic/Latino,M
SDUNT334,2023,5081-004,AP Calculus 4 AB,MAT,H,,White,F
SDUNT334,2023,4501-006,AP Psychology,HS,H,,White,F
SDUNT335,2023,5081-004,AP Calculus 4 AB,MAT,H,,White,F
SDUNT335,2023,2651-001,AP Italian,WL,H,,White,F
SDUNT335,2023,4501-005,AP Psychology,HS,H,,White,F
SDUNT336,2023,5081-004,AP Calculus 4 AB,MAT,H,,White,F
SDUNT337,2023,5081-005,AP Calculus 4 AB,MAT,H,,White,F
SDUNT337,2023,4501-005,AP Psychology,HS,H,,White,F
SDUNT338,2023,5081-004,AP Calculus 4 AB,MAT,H,,White,M
SDUNT338,2023,4501-003,AP Psychology,HS,H,,White,M
SDUNT339,2023,5081-004,AP Calculus 4 AB,MAT,H,,White,M
SDUNT339,2023,6051-002,AP Biology Lab,SCI,H,,White,M
SDUNT340,2023,5081-005,AP Calculus 4 AB,MAT,H,,Two or more races,F
SDUNT340,2023,4501-003,AP Psychology,HS,H,,Two or more races,F
SDUNT340,2023,6051-003,AP Biology Lab,SCI,H,,Two or more races,F
SDUNT341,2023,5081-004,AP Calculus 4 AB,MAT,H,,Hispanic/Latino,M
SDUNT341,2023,5051-006,AP Statistics,MAT,H,,Hispanic/Latino,M
SDUNT342,2023,5081-005,AP Calculus 4 AB,MAT,H,,White,M
SDUNT342,2023,6071-004,AP Physics Lab,SCI,H,,White,M
SDUNT343,2023,5081-005,AP Calculus 4 AB,MAT,H,,Hispanic/Latino,M
SDUNT344,2023,5081-005,AP Calculus 4 AB,MAT,H,,White,M
SDUNT344,2023,1301-001,AP English 12,ELA,H,,White,M
SDUNT344,2023,6061-002,AP Chemistry Lab,SCI,H,,White,M
SDUNT345,2023,5081-005,AP Calculus 4 AB,MAT,H,,White,M
SDUNT346,2023,5081-004,AP Calculus 4 AB,MAT,H,,White,M
SDUNT346,2023,6051-003,AP Biology Lab,SCI,H,,White,M
SDUNT346,2023,6061-002,AP Chemistry Lab,SCI,H,,White,M
SDUNT347,2023,5081-005,AP Calculus 4 AB,MAT,H,,White,M
SDUNT347,2023,5051-005,AP Statistics,MAT,H,,White,M
SDUNT348,2023,5081-004,AP Calculus 4 AB,MAT,H,,White,F
SDUNT348,2023,6051-003,AP Biology Lab,SCI,H,,White,F
SDUNT349,2023,5081-005,AP Calculus 4 AB,MAT,H,,Two or more races,M
SDUNT349,2023,2961-001,AP Chinese,WL,H,,Two or more races,M
SDUNT349,2023,6071-004,AP Physics Lab,SCI,H,,Two or more races,M
SDUNT350,2023,5081-005,AP Calculus 4 AB,MAT,H,,White,F
SDUNT350,2023,4501-006,AP Psychology,HS,H,,White,F
SDUNT351,2023,5081-004,AP Calculus 4 AB,MAT,H,,White,M
SDUNT351,2023,4501-001,AP Psychology,HS,H,,White,M
SDUNT352,2023,5081-004,AP Calculus 4 AB,MAT,H,,Two or more races,F
SDUNT352,2023,6051-003,AP Biology Lab,SCI,H,,Two or more races,F
SDUNT353,2023,5081-004,AP Calculus 4 AB,MAT,H,,White,F
SDUNT354,2023,5081-005,AP Calculus 4 AB,MAT,H,METCO,Black/African American,M
SDUNT354,2023,6071-003,AP Physics Lab,SCI,H,METCO,Black/African American,M
SDUNT355,2023,5081-004,AP Calculus 4 AB,MAT,H,,Two or more races,M
SDUNT355,2023,1301-002,AP English 12,ELA,H,,Two or more races,M
SDUNT355,2023,4501-005,AP Psychology,HS,H,,Two or more races,M
SDUNT356,2023,5081-005,AP Calculus 4 AB,MAT,H,,White,F
SDUNT357,2023,5081-004,AP Calculus 4 AB,MAT,H,,White,F
SDUNT357,2023,6051-002,AP Biology Lab,SCI,H,,White,F
SDUNT357,2023,4501-004,AP Psychology,HS,H,,White,F
SDUNT358,2023,5081-005,AP Calculus 4 AB,MAT,H,,Hispanic/Latino,M
SDUNT358,2023,5051-005,AP Statistics,MAT,H,,Hispanic/Latino,M
SDUNT359,2023,5081-005,AP Calculus 4 AB,MAT,H,,Asian,M
SDUNT359,2023,7131-001,AP History of Art,ART,H,,Asian,M
SDUNT360,2023,5081-004,AP Calculus 4 AB,MAT,H,,White,F
SDUNT360,2023,4501-003,AP Psychology,HS,H,,White,F
SDUNT360,2023,6051-003,AP Biology Lab,SCI,H,,White,F
SDUNT361,2023,5081-005,AP Calculus 4 AB,MAT,H,,White,F
SDUNT361,2023,4501-006,AP Psychology,HS,H,,White,F
SDUNT361,2023,6051-003,AP Biology Lab,SCI,H,,White,F
SDUNT362,2023,5081-005,AP Calculus 4 AB,MAT,H,,White,M
SDUNT362,2023,6071-001,AP Physics Lab,SCI,H,,White,M
SDUNT363,2023,5081-004,AP Calculus 4 AB,MAT,H,,White,M
SDUNT364,2023,5081-005,AP Calculus 4 AB,MAT,H,,Hispanic/Latino,M
SDUNT364,2023,5051-006,AP Statistics,MAT,H,,Hispanic/Latino,M
SDUNT365,2023,5081-004,AP Calculus 4 AB,MAT,H,,White,M
SDUNT365,2023,6051-002,AP Biology Lab,SCI,H,,White,M
SDUNT365,2023,6061-003,AP Chemistry Lab,SCI,H,,White,M
SDUNT366,2023,5081-005,AP Calculus 4 AB,MAT,H,,Asian,M
SDUNT366,2023,6071-003,AP Physics Lab,SCI,H,,Asian,M
SDUNT367,2023,5081-004,AP Calculus 4 AB,MAT,H,,White,F
SDUNT367,2023,4501-001,AP Psychology,HS,H,,White,F
SDUNT368,2023,5081-004,AP Calculus 4 AB,MAT,H,,White,F
SDUNT369,2023,5081-004,AP Calculus 4 AB,MAT,H,,Asian,F
SDUNT369,2023,4501-001,AP Psychology,HS,H,,Asian,F
SDUNT370,2023,6071-002,AP Physics Lab,SCI,H,,White,M
SDUNT370,2023,5041-003,AP Calculus 4 BC,MAT,H,,White,M
SDUNT370,2023,4501-001,AP Psychology,HS,H,,White,M
SDUNT371,2023,6071-003,AP Physics Lab,SCI,H,,Two or more races,F
SDUNT371,2023,2961-001,AP Chinese,WL,H,,Two or more races,F
SDUNT371,2023,6051-001,AP Biology Lab,SCI,H,,Two or more races,F
SDUNT371,2023,5041-003,AP Calculus 4 BC,MAT,H,,Two or more races,F
SDUNT372,2023,6071-002,AP Physics Lab,SCI,H,,Two or more races,M
SDUNT372,2023,8131-001,AP Music Theory,MUS,H,,Two or more races,M
SDUNT372,2023,1301-002,AP English 12,ELA,H,,Two or more races,M
SDUNT372,2023,6061-001,AP Chemistry Lab,SCI,H,,Two or more races,M
SDUNT373,2023,6071-003,AP Physics Lab,SCI,H,,Two or more races,M
SDUNT373,2023,5051-006,AP Statistics,MAT,H,,Two or more races,M
SDUNT373,2023,6051-002,AP Biology Lab,SCI,H,,Two or more races,M
SDUNT373,2023,5041-003,AP Calculus 4 BC,MAT,H,,Two or more races,M
SDUNT373,2023,4501-005,AP Psychology,HS,H,,Two or more races,M
SDUNT374,2023,6071-003,AP Physics Lab,SCI,H,,Asian,M
SDUNT374,2023,5041-003,AP Calculus 4 BC,MAT,H,,Asian,M
SDUNT375,2023,6071-002,AP Physics Lab,SCI,H,,White,M
SDUNT375,2023,5081-003,AP Calculus 4 AB,MAT,H,,White,M
SDUNT376,2023,6071-002,AP Physics Lab,SCI,H,,Two or more races,M
SDUNT376,2023,1301-002,AP English 12,ELA,H,,Two or more races,M
SDUNT376,2023,5041-003,AP Calculus 4 BC,MAT,H,,Two or more races,M
SDUNT376,2023,4501-001,AP Psychology,HS,H,,Two or more races,M
SDUNT377,2023,6071-003,AP Physics Lab,SCI,H,,White,M
SDUNT377,2023,5041-004,AP Calculus 4 BC,MAT,H,,White,M
SDUNT378,2023,6071-003,AP Physics Lab,SCI,H,,Hispanic/Latino,M
SDUNT378,2023,5041-004,AP Calculus 4 BC,MAT,H,,Hispanic/Latino,M
SDUNT378,2023,6051-003,AP Biology Lab,SCI,H,,Hispanic/Latino,M
SDUNT379,2024,2961-001,AP Chinese,WL,H,,White,M
SDUNT379,2024,1291-002,AP English 11,ELA,H,,White,M
SDUNT379,2024,5051-006,AP Statistics,MAT,H,,White,M
SDUNT380,2024,2961-001,AP Chinese,WL,H,,Asian,F
SDUNT381,2024,2961-001,AP Chinese,WL,H,,Asian,F
SDUNT381,2024,1291-002,AP English 11,ELA,H,,Asian,F
SDUNT381,2024,6051-001,AP Biology Lab,SCI,H,,Asian,F
SDUNT381,2024,4501-003,AP Psychology,HS,H,,Asian,F
SDUNT382,2023,2961-001,AP Chinese,WL,H,,Asian,F
SDUNT383,2023,2961-001,AP Chinese,WL,H,,Asian,M
SDUNT383,2023,5081-003,AP Calculus 4 AB,MAT,H,,Asian,M
SDUNT383,2023,4501-004,AP Psychology,HS,H,,Asian,M
SDUNT384,2024,2961-001,AP Chinese,WL,H,,Asian,M
SDUNT385,2024,1291-003,AP English 11,ELA,H,,White,M
SDUNT385,2024,6061-001,AP Chemistry Lab,SCI,H,,White,M
SDUNT386,2024,1291-002,AP English 11,ELA,H,,White,F
SDUNT386,2024,4301-004,AP US History,HS,H,,White,F
SDUNT387,2024,1291-002,AP English 11,ELA,H,,Two or more races,F
SDUNT388,2024,1291-003,AP English 11,ELA,H,,White,M
SDUNT388,2024,4301-002,AP US History,HS,H,,White,M
SDUNT388,2024,6061-001,AP Chemistry Lab,SCI,H,,White,M
SDUNT389,2024,1291-003,AP English 11,ELA,H,,Hispanic/Latino,F
SDUNT389,2024,4301-002,AP US History,HS,H,,Hispanic/Latino,F
SDUNT390,2024,1291-004,AP English 11,ELA,H,,White,M
SDUNT391,2024,1291-002,AP English 11,ELA,H,,Black/African American,F
SDUNT392,2024,1291-004,AP English 11,ELA,H,,Hispanic/Latino,M
SDUNT392,2024,4301-001,AP US History,HS,H,,Hispanic/Latino,M
SDUNT393,2024,1291-002,AP English 11,ELA,H,,White,F
SDUNT393,2024,4301-004,AP US History,HS,H,,White,F
SDUNT394,2024,1291-004,AP English 11,ELA,H,,White,F
SDUNT395,2024,1291-004,AP English 11,ELA,H,,White,F
SDUNT395,2024,6061-002,AP Chemistry Lab,SCI,H,,White,F
SDUNT396,2024,1291-002,AP English 11,ELA,H,,Hispanic/Latino,F
SDUNT396,2024,4301-001,AP US History,HS,H,,Hispanic/Latino,F
SDUNT397,2024,1291-003,AP English 11,ELA,H,,White,F
SDUNT397,2024,4301-002,AP US History,HS,H,,White,F
SDUNT398,2024,1291-004,AP English 11,ELA,H,,Two or more races,F
SDUNT398,2024,4301-002,AP US History,HS,H,,Two or more races,F
SDUNT399,2024,1291-003,AP English 11,ELA,H,,Two or more races,M
SDUNT400,2024,1291-004,AP English 11,ELA,H,,White,F
SDUNT401,2024,1291-004,AP English 11,ELA,H,,White,F
SDUNT402,2024,1291-004,AP English 11,ELA,H,,Asian,M
SDUNT402,2024,4301-002,AP US History,HS,H,,Asian,M
SDUNT402,2024,5051-003,AP Statistics,MAT,H,,Asian,M
SDUNT402,2024,6061-001,AP Chemistry Lab,SCI,H,,Asian,M
SDUNT403,2024,1291-002,AP English 11,ELA,H,,White,M
SDUNT403,2024,4301-004,AP US History,HS,H,,White,M
SDUNT404,2024,1291-002,AP English 11,ELA,H,,White,F
SDUNT404,2024,5051-003,AP Statistics,MAT,H,,White,F
SDUNT404,2024,6061-002,AP Chemistry Lab,SCI,H,,White,F
SDUNT405,2024,1291-002,AP English 11,ELA,H,,Hispanic/Latino,F
SDUNT405,2024,6061-003,AP Chemistry Lab,SCI,H,,Hispanic/Latino,F
SDUNT406,2024,1291-002,AP English 11,ELA,H,,Two or more races,F
SDUNT407,2024,1291-003,AP English 11,ELA,H,,Asian,F
SDUNT407,2024,4301-004,AP US History,HS,H,,Asian,F
SDUNT407,2024,6061-002,AP Chemistry Lab,SCI,H,,Asian,F
SDUNT408,2024,1291-003,AP English 11,ELA,H,,Asian,F
SDUNT408,2024,6061-003,AP Chemistry Lab,SCI,H,,Asian,F
SDUNT409,2024,1291-002,AP English 11,ELA,H,,Hispanic/Latino,F
SDUNT409,2024,4301-001,AP US History,HS,H,,Hispanic/Latino,F
SDUNT410,2024,1291-003,AP English 11,ELA,H,,Asian,F
SDUNT410,2024,6061-003,AP Chemistry Lab,SCI,H,,Asian,F
SDUNT411,2024,1291-003,AP English 11,ELA,H,,White,F
SDUNT412,2024,1291-004,AP English 11,ELA,H,,White,M
SDUNT412,2024,4301-001,AP US History,HS,H,,White,M
SDUNT412,2024,6061-002,AP Chemistry Lab,SCI,H,,White,M
SDUNT413,2024,1291-003,AP English 11,ELA,H,,Two or more races,F
SDUNT414,2024,1291-004,AP English 11,ELA,H,,White,F
SDUNT414,2024,5051-005,AP Statistics,MAT,H,,White,F
SDUNT415,2024,1291-002,AP English 11,ELA,H,,Two or more races,M
SDUNT415,2024,6061-002,AP Chemistry Lab,SCI,H,,Two or more races,M
SDUNT416,2024,1291-002,AP English 11,ELA,H,,Asian,F
SDUNT417,2024,1291-004,AP English 11,ELA,H,,White,F
SDUNT417,2024,5051-006,AP Statistics,MAT,H,,White,F
SDUNT418,2024,1291-004,AP English 11,ELA,H,,Asian,M
SDUNT419,2024,1291-002,AP English 11,ELA,H,,White,M
SDUNT419,2024,4301-001,AP US History,HS,H,,White,M
SDUNT419,2024,6061-003,AP Chemistry Lab,SCI,H,,White,M
SDUNT420,2024,1291-003,AP English 11,ELA,H,,White,M
SDUNT420,2024,4301-004,AP US History,HS,H,,White,M
SDUNT421,2024,1291-003,AP English 11,ELA,H,,White,N
SDUNT421,2024,6061-003,AP Chemistry Lab,SCI,H,,White,N
SDUNT422,2024,1291-002,AP English 11,ELA,H,,Hispanic/Latino,F
SDUNT422,2024,6061-002,AP Chemistry Lab,SCI,H,,Hispanic/Latino,F
SDUNT423,2024,1291-004,AP English 11,ELA,H,,White,F
SDUNT424,2024,1291-004,AP English 11,ELA,H,,White,M
SDUNT424,2024,5051-005,AP Statistics,MAT,H,,White,M
SDUNT425,2024,1291-004,AP English 11,ELA,H,,White,F
SDUNT426,2024,1291-004,AP English 11,ELA,H,,White,F
SDUNT426,2024,4301-001,AP US History,HS,H,,White,F
SDUNT427,2024,1291-002,AP English 11,ELA,H,,White,M
SDUNT427,2024,5081-006,AP Calculus 4 AB,MAT,H,,White,M
SDUNT428,2024,1291-004,AP English 11,ELA,H,,White,F
SDUNT429,2024,1291-002,AP English 11,ELA,H,,White,F
SDUNT429,2024,8131-001,AP Music Theory,MUS,H,,White,F
SDUNT430,2024,1291-003,AP English 11,ELA,H,,White,F
SDUNT430,2024,4301-004,AP US History,HS,H,,White,F
SDUNT431,2024,1291-003,AP English 11,ELA,H,,Asian,F
SDUNT431,2024,6061-001,AP Chemistry Lab,SCI,H,,Asian,F
SDUNT432,2024,1291-004,AP English 11,ELA,H,,Asian,F
SDUNT432,2024,4301-002,AP US History,HS,H,,Asian,F
SDUNT433,2024,1291-004,AP English 11,ELA,H,,Asian,M
SDUNT433,2024,4301-001,AP US History,HS,H,,Asian,M
SDUNT433,2024,6061-002,AP Chemistry Lab,SCI,H,,Asian,M
SDUNT434,2024,1291-002,AP English 11,ELA,H,,Hispanic/Latino,M
SDUNT435,2023,5051-005,AP Statistics,MAT,H,,Asian,M
SDUNT436,2024,5051-005,AP Statistics,MAT,H,,White,M
SDUNT437,2024,5051-005,AP Statistics,MAT,H,,Asian,M
SDUNT438,2023,5051-006,AP Statistics,MAT,H,,White,M
SDUNT438,2023,4501-003,AP Psychology,HS,H,,White,M
SDUNT439,2024,5051-005,AP Statistics,MAT,H,,Asian,F
SDUNT440,2024,5051-005,AP Statistics,MAT,H,,Asian,M
SDUNT440,2024,6061-001,AP Chemistry Lab,SCI,H,,Asian,M
SDUNT441,2024,5051-005,AP Statistics,MAT,H,,White,M
SDUNT442,2024,5051-006,AP Statistics,MAT,H,,White,M
SDUNT443,2023,5051-005,AP Statistics,MAT,H,,Hispanic/Latino,F
SDUNT443,2023,5081-003,AP Calculus 4 AB,MAT,H,,Hispanic/Latino,F
SDUNT444,2023,5051-006,AP Statistics,MAT,H,,White,M
SDUNT444,2023,5041-004,AP Calculus 4 BC,MAT,H,,White,M
SDUNT445,2024,5051-005,AP Statistics,MAT,H,,White,F
SDUNT446,2024,5051-006,AP Statistics,MAT,H,,White,F
SDUNT446,2024,4301-004,AP US History,HS,H,,White,F
SDUNT446,2024,1291-007,AP English 11,ELA,H,,White,F
SDUNT447,2024,5051-005,AP Statistics,MAT,H,,Asian,M
SDUNT448,2024,5051-006,AP Statistics,MAT,H,,Hispanic/Latino,F
SDUNT448,2024,6061-001,AP Chemistry Lab,SCI,H,,Hispanic/Latino,F
SDUNT449,2024,5051-005,AP Statistics,MAT,H,,White,M
SDUNT449,2024,1291-001,AP English 11,ELA,H,,White,M
SDUNT450,2024,5051-005,AP Statistics,MAT,H,,Hispanic/Latino,F
SDUNT451,2024,5051-005,AP Statistics,MAT,H,,Asian,M
SDUNT452,2023,5051-006,AP Statistics,MAT,H,,White,M
SDUNT452,2023,4401-001,AP European History,HS,H,,White,M
SDUNT453,2023,5051-006,AP Statistics,MAT,H,,White,F
SDUNT453,2023,5081-003,AP Calculus 4 AB,MAT,H,,White,F
SDUNT453,2023,1301-003,AP English 12,ELA,H,,White,F
SDUNT454,2024,5051-006,AP Statistics,MAT,H,,Asian,F
SDUNT454,2024,6061-003,AP Chemistry Lab,SCI,H,,Asian,F
SDUNT455,2024,5051-005,AP Statistics,MAT,H,,Asian,M
SDUNT456,2024,5051-005,AP Statistics,MAT,H,,White,M
SDUNT457,2024,5051-005,AP Statistics,MAT,H,,White,M
SDUNT458,2024,5051-006,AP Statistics,MAT,H,,White,M
SDUNT458,2024,4301-002,AP US History,HS,H,,White,M
SDUNT459,2024,5051-005,AP Statistics,MAT,H,,Two or more races,M
SDUNT460,2023,5051-006,AP Statistics,MAT,H,,Two or more races,M
SDUNT460,2023,5041-004,AP Calculus 4 BC,MAT,H,,Two or more races,M
SDUNT461,2024,5051-006,AP Statistics,MAT,H,,White,M
SDUNT462,2023,5051-005,AP Statistics,MAT,H,,Asian,F
SDUNT462,2023,5081-003,AP Calculus 4 AB,MAT,H,,Asian,F
SDUNT463,2023,5051-006,AP Statistics,MAT,H,,White,F
SDUNT464,2024,5051-005,AP Statistics,MAT,H,,Asian,M
SDUNT464,2024,4301-001,AP US History,HS,H,,Asian,M
SDUNT465,2024,5051-006,AP Statistics,MAT,H,,Asian,M
SDUNT465,2024,4301-002,AP US History,HS,H,,Asian,M
SDUNT466,2023,5051-006,AP Statistics,MAT,H,,White,M
SDUNT466,2023,5041-003,AP Calculus 4 BC,MAT,H,,White,M
SDUNT466,2023,4501-006,AP Psychology,HS,H,,White,M
SDUNT466,2023,6071-001,AP Physics Lab,SCI,H,,White,M
SDUNT467,2023,5051-006,AP Statistics,MAT,H,,Hispanic/Latino,M
SDUNT468,2023,7131-001,AP History of Art,ART,H,,White,F
SDUNT468,2023,5081-006,AP Calculus 4 AB,MAT,H,,White,F
SDUNT468,2023,1301-002,AP English 12,ELA,H,,White,F
SDUNT468,2023,6051-003,AP Biology Lab,SCI,H,,White,F
SDUNT469,2023,7131-001,AP History of Art,ART,H,,White,F
SDUNT470,2023,7131-001,AP History of Art,ART,H,,White,F
SDUNT470,2023,5081-003,AP Calculus 4 AB,MAT,H,,White,F
SDUNT470,2023,4501-003,AP Psychology,HS,H,,White,F
SDUNT470,2023,1301-003,AP English 12,ELA,H,,White,F
SDUNT471,2023,7131-001,AP History of Art,ART,H,,White,F
SDUNT472,2023,7131-001,AP History of Art,ART,H,,Two or more races,F
SDUNT472,2023,5081-003,AP Calculus 4 AB,MAT,H,,Two or more races,F
SDUNT472,2023,6051-002,AP Biology Lab,SCI,H,,Two or more races,F
SDUNT472,2023,1301-001,AP English 12,ELA,H,,Two or more races,F
SDUNT472,2023,4501-006,AP Psychology,HS,H,,Two or more races,F
SDUNT473,2023,7131-001,AP History of Art,ART,H,,Asian,F
SDUNT473,2023,5081-006,AP Calculus 4 AB,MAT,H,,Asian,F
SDUNT473,2023,4501-005,AP Psychology,HS,H,,Asian,F
SDUNT474,2023,5081-006,AP Calculus 4 AB,MAT,H,,White,F
SDUNT474,2023,4501-004,AP Psychology,HS,H,,White,F
SDUNT475,2023,5081-006,AP Calculus 4 AB,MAT,H,,White,F
SDUNT476,2023,5081-006,AP Calculus 4 AB,MAT,H,,White,F
SDUNT476,2023,1301-002,AP English 12,ELA,H,,White,F
SDUNT476,2023,6051-003,AP Biology Lab,SCI,H,,White,F
SDUNT477,2023,5081-006,AP Calculus 4 AB,MAT,H,,Asian,F
SDUNT477,2023,1301-002,AP English 12,ELA,H,,Asian,F
SDUNT477,2023,4501-005,AP Psychology,HS,H,,Asian,F
SDUNT478,2023,5081-003,AP Calculus 4 AB,MAT,H,,Hispanic/Latino,M
SDUNT478,2023,6051-001,AP Biology Lab,SCI,H,,Hispanic/Latino,M
SDUNT478,2023,1301-001,AP English 12,ELA,H,,Hispanic/Latino,M
SDUNT478,2023,4501-003,AP Psychology,HS,H,,Hispanic/Latino,M
SDUNT479,2023,5081-006,AP Calculus 4 AB,MAT,H,,White,M
SDUNT479,2023,1301-001,AP English 12,ELA,H,,White,M
SDUNT480,2023,5081-006,AP Calculus 4 AB,MAT,H,,Asian,F
SDUNT481,2023,5081-006,AP Calculus 4 AB,MAT,H,,Asian,F
SDUNT482,2023,5081-003,AP Calculus 4 AB,MAT,H,,White,M
SDUNT483,2023,5081-003,AP Calculus 4 AB,MAT,H,,White,M
SDUNT483,2023,5051-003,AP Statistics,MAT,H,,White,M
SDUNT484,2023,5081-006,AP Calculus 4 AB,MAT,H,,Hispanic/Latino,M
SDUNT484,2023,6071-004,AP Physics Lab,SCI,H,,Hispanic/Latino,M
SDUNT485,2023,5081-006,AP Calculus 4 AB,MAT,H,,White,F
SDUNT485,2023,5051-003,AP Statistics,MAT,H,,White,F
SDUNT485,2023,4501-004,AP Psychology,HS,H,,White,F
SDUNT486,2023,5081-006,AP Calculus 4 AB,MAT,H,,White,F
SDUNT487,2023,5081-006,AP Calculus 4 AB,MAT,H,,White,F
SDUNT488,2023,5081-003,AP Calculus 4 AB,MAT,H,,White,F
SDUNT488,2023,6051-002,AP Biology Lab,SCI,H,,White,F
SDUNT488,2023,4501-006,AP Psychology,HS,H,,White,F
SDUNT489,2023,5081-006,AP Calculus 4 AB,MAT,H,,White,M
SDUNT490,2023,5081-006,AP Calculus 4 AB,MAT,H,,White,F
SDUNT490,2023,4501-005,AP Psychology,HS,H,,White,F
SDUNT491,2023,5081-003,AP Calculus 4 AB,MAT,H,,White,F
SDUNT492,2023,5081-003,AP Calculus 4 AB,MAT,H,,Hispanic/Latino,F
SDUNT492,2023,4501-004,AP Psychology,HS,H,,Hispanic/Latino,F
SDUNT493,2023,5081-006,AP Calculus 4 AB,MAT,H,,Asian,M
SDUNT493,2023,6071-004,AP Physics Lab,SCI,H,,Asian,M
SDUNT494,2023,5081-006,AP Calculus 4 AB,MAT,H,,Asian,M
SDUNT495,2023,5081-003,AP Calculus 4 AB,MAT,H,,White,M
SDUNT496,2023,5081-003,AP Calculus 4 AB,MAT,H,,White,F
SDUNT496,2023,4501-004,AP Psychology,HS,H,,White,F
SDUNT497,2023,5081-003,AP Calculus 4 AB,MAT,H,,White,F
SDUNT498,2023,5081-006,AP Calculus 4 AB,MAT,H,,Two or more races,M
SDUNT499,2023,5081-003,AP Calculus 4 AB,MAT,H,,Hispanic/Latino,M
SDUNT499,2023,8131-001,AP Music Theory,MUS,H,,Hispanic/Latino,M
SDUNT500,2023,5081-006,AP Calculus 4 AB,MAT,H,,White,F
SDUNT500,2023,4501-005,AP Psychology,HS,H,,White,F
SDUNT501,2023,6051-002,AP Biology Lab,SCI,H,,Hispanic/Latino,M
SDUNT501,2023,5041-004,AP Calculus 4 BC,MAT,H,,Hispanic/Latino,M
SDUNT502,2023,6051-001,AP Biology Lab,SCI,H,,White,F
SDUNT502,2023,4501-003,AP Psychology,HS,H,,White,F
SDUNT503,2023,6051-001,AP Biology Lab,SCI,H,,Asian,M
SDUNT503,2023,5041-003,AP Calculus 4 BC,MAT,H,,Asian,M
SDUNT503,2023,6071-001,AP Physics Lab,SCI,H,,Asian,M
SDUNT504,2023,6051-001,AP Biology Lab,SCI,H,,White,M
SDUNT504,2023,4501-006,AP Psychology,HS,H,,White,M
SDUNT505,2023,6051-001,AP Biology Lab,SCI,H,,White,F
SDUNT505,2023,4501-003,AP Psychology,HS,H,,White,F
SDUNT506,2023,6051-002,AP Biology Lab,SCI,H,,White,F
SDUNT506,2023,5041-003,AP Calculus 4 BC,MAT,H,,White,F
SDUNT506,2023,6071-004,AP Physics Lab,SCI,H,,White,F
SDUNT507,2023,6051-002,AP Biology Lab,SCI,H,,White,F
SDUNT507,2023,5041-004,AP Calculus 4 BC,MAT,H,,White,F
SDUNT507,2023,4501-005,AP Psychology,HS,H,,White,F
SDUNT508,2025,8131-001,AP Music Theory,MUS,H,,Two or more races,M
SDUNT509,2024,8131-001,AP Music Theory,MUS,H,,White,M
SDUNT510,2025,8131-001,AP Music Theory,MUS,H,,White,M
SDUNT511,2024,8131-001,AP Music Theory,MUS,H,,White,M
SDUNT511,2024,6061-001,AP Chemistry Lab,SCI,H,,White,M
SDUNT512,2024,8131-001,AP Music Theory,MUS,H,,White,M
SDUNT512,2024,1291-007,AP English 11,ELA,H,,White,M
SDUNT513,2025,8131-001,AP Music Theory,MUS,H,,White,M
SDUNT514,2024,4301-002,AP US History,HS,H,,White,F
SDUNT514,2024,1291-007,AP English 11,ELA,H,,White,F
SDUNT515,2024,4301-004,AP US History,HS,H,,White,F
SDUNT516,2024,4301-002,AP US History,HS,H,,White,M
SDUNT517,2024,4301-002,AP US History,HS,H,,Hispanic/Latino,M
SDUNT518,2024,4301-002,AP US History,HS,H,,Two or more races,M
SDUNT519,2024,4301-004,AP US History,HS,H,,Hispanic/Latino,F
SDUNT519,2024,1291-007,AP English 11,ELA,H,,Hispanic/Latino,F
SDUNT520,2024,4301-004,AP US History,HS,H,,White,M
SDUNT521,2024,4301-004,AP US History,HS,H,,White,M
SDUNT521,2024,1291-007,AP English 11,ELA,H,,White,M
SDUNT522,2024,4301-002,AP US History,HS,H,,Two or more races,F
SDUNT522,2024,1291-007,AP English 11,ELA,H,,Two or more races,F
SDUNT523,2024,4301-004,AP US History,HS,H,,White,M
SDUNT524,2024,4301-002,AP US History,HS,H,,White,F
SDUNT525,2024,4301-002,AP US History,HS,H,,White,F
SDUNT526,2024,4301-004,AP US History,HS,H,,Hispanic/Latino,M
SDUNT526,2024,1291-001,AP English 11,ELA,H,,Hispanic/Latino,M
SDUNT527,2024,4301-004,AP US History,HS,H,,White,F
SDUNT528,2024,4301-004,AP US History,HS,H,,Asian,F
SDUNT528,2024,1291-001,AP English 11,ELA,H,,Asian,F
SDUNT528,2024,6061-001,AP Chemistry Lab,SCI,H,,Asian,F
SDUNT529,2024,4301-004,AP US History,HS,H,,White,F
SDUNT530,2024,4301-002,AP US History,HS,H,,White,M
SDUNT530,2024,5051-003,AP Statistics,MAT,H,,White,M
SDUNT531,2024,4301-002,AP US History,HS,H,,White,F
SDUNT531,2024,6061-002,AP Chemistry Lab,SCI,H,,White,F
SDUNT532,2024,4301-002,AP US History,HS,H,,White,F
SDUNT533,2024,4301-002,AP US History,HS,H,,Hispanic/Latino,M
SDUNT533,2024,1291-007,AP English 11,ELA,H,,Hispanic/Latino,M
SDUNT534,2024,4301-002,AP US History,HS,H,,Two or more races,F
SDUNT534,2024,1291-007,AP English 11,ELA,H,,Two or more races,F
SDUNT535,2024,4301-004,AP US History,HS,H,,Two or more races,F
SDUNT536,2024,4301-004,AP US History,HS,H,,Asian,M
SDUNT536,2024,6061-002,AP Chemistry Lab,SCI,H,,Asian,M
SDUNT537,2024,4301-004,AP US History,HS,H,,Two or more races,N
SDUNT537,2024,1291-007,AP English 11,ELA,H,,Two or more races,N
SDUNT538,2023,1301-002,AP English 12,ELA,H,,Asian,M
SDUNT538,2023,4501-001,AP Psychology,HS,H,,Asian,M
SDUNT539,2023,1301-002,AP English 12,ELA,H,,Black/African American,M
SDUNT540,2023,1301-002,AP English 12,ELA,H,,White,F
SDUNT541,2023,1301-002,AP English 12,ELA,H,,White,M
SDUNT541,2023,5041-003,AP Calculus 4 BC,MAT,H,,White,M
SDUNT541,2023,6071-004,AP Physics Lab,SCI,H,,White,M
SDUNT542,2024,1291-007,AP English 11,ELA,H,,White,M
SDUNT542,2024,5051-003,AP Statistics,MAT,H,,White,M
SDUNT543,2024,1291-001,AP English 11,ELA,H,,White,F
SDUNT544,2024,1291-007,AP English 11,ELA,H,,White,F
SDUNT544,2024,4401-001,AP European History,HS,H,,White,F
SDUNT545,2024,1291-001,AP English 11,ELA,H,,White,F
SDUNT546,2024,1291-001,AP English 11,ELA,H,,White,F
SDUNT547,2024,1291-001,AP English 11,ELA,H,,White,M
SDUNT547,2024,6061-002,AP Chemistry Lab,SCI,H,,White,M
SDUNT548,2024,1291-001,AP English 11,ELA,H,,White,M
SDUNT549,2024,1291-001,AP English 11,ELA,H,,White,F
SDUNT550,2024,1291-007,AP English 11,ELA,H,,White,F
SDUNT550,2024,4301-001,AP US History,HS,H,,White,F
SDUNT551,2024,1291-007,AP English 11,ELA,H,,White,F
SDUNT552,2024,1291-001,AP English 11,ELA,H,METCO,Black/African American,M
SDUNT552,2024,4301-001,AP US History,HS,H,METCO,Black/African American,M
SDUNT553,2024,1291-007,AP English 11,ELA,H,,Asian,F
SDUNT553,2024,6061-001,AP Chemistry Lab,SCI,H,,Asian,F
SDUNT554,2024,1291-007,AP English 11,ELA,H,,Asian,M
SDUNT554,2024,5051-003,AP Statistics,MAT,H,,Asian,M
SDUNT555,2024,1291-001,AP English 11,ELA,H,,White,M
SDUNT555,2024,6061-003,AP Chemistry Lab,SCI,H,,White,M
SDUNT556,2024,1291-001,AP English 11,ELA,H,,Asian,M
SDUNT556,2024,6061-002,AP Chemistry Lab,SCI,H,,Asian,M
SDUNT557,2024,1291-007,AP English 11,ELA,H,,Asian,M
SDUNT558,2024,1291-001,AP English 11,ELA,H,,White,M
SDUNT559,2024,1291-007,AP English 11,ELA,H,,Asian,F
SDUNT559,2024,6061-001,AP Chemistry Lab,SCI,H,,Asian,F
SDUNT560,2024,1291-007,AP English 11,ELA,H,,White,M
SDUNT561,2024,1291-007,AP English 11,ELA,H,,White,M
SDUNT561,2024,6061-003,AP Chemistry Lab,SCI,H,,White,M
SDUNT562,2024,1291-007,AP English 11,ELA,H,,White,M
SDUNT563,2024,1291-001,AP English 11,ELA,H,,White,M
SDUNT564,2024,1291-001,AP English 11,ELA,H,METCO,Black/African American,F
SDUNT565,2024,1291-007,AP English 11,ELA,H,,Asian,F
SDUNT565,2024,4301-001,AP US History,HS,H,,Asian,F
SDUNT566,2025,2651-001,AP Italian,WL,H,,White,M
SDUNT567,2025,2651-001,AP Italian,WL,H,,White,M
SDUNT568,2025,2651-001,AP Italian,WL,H,,White,F
SDUNT569,2025,2651-001,AP Italian,WL,H,,White,M
SDUNT570,2023,2651-001,AP Italian,WL,H,,White,M
SDUNT570,2023,5041-003,AP Calculus 4 BC,MAT,H,,White,M
SDUNT570,2023,5051-003,AP Statistics,MAT,H,,White,M
SDUNT570,2023,4501-001,AP Psychology,HS,H,,White,M
SDUNT570,2023,6071-004,AP Physics Lab,SCI,H,,White,M
SDUNT571,2023,2651-001,AP Italian,WL,H,,White,F
SDUNT572,2023,5041-003,AP Calculus 4 BC,MAT,H,,White,M
SDUNT572,2023,4501-001,AP Psychology,HS,H,,White,M
SDUNT572,2023,6071-001,AP Physics Lab,SCI,H,,White,M
SDUNT573,2023,5041-004,AP Calculus 4 BC,MAT,H,,White,M
SDUNT573,2023,4501-001,AP Psychology,HS,H,,White,M
SDUNT573,2023,6071-004,AP Physics Lab,SCI,H,,White,M
SDUNT574,2023,5041-003,AP Calculus 4 BC,MAT,H,,Asian,M
SDUNT574,2023,6071-001,AP Physics Lab,SCI,H,,Asian,M
SDUNT575,2023,5041-004,AP Calculus 4 BC,MAT,H,,White,F
SDUNT575,2023,4501-001,AP Psychology,HS,H,,White,F
SDUNT575,2023,6071-004,AP Physics Lab,SCI,H,,White,F
SDUNT576,2023,5041-004,AP Calculus 4 BC,MAT,H,,Asian,M
SDUNT576,2023,4501-006,AP Psychology,HS,H,,Asian,M
SDUNT576,2023,6071-004,AP Physics Lab,SCI,H,,Asian,M
SDUNT577,2023,5041-004,AP Calculus 4 BC,MAT,H,,White,M
SDUNT577,2023,4501-001,AP Psychology,HS,H,,White,M
SDUNT577,2023,6071-004,AP Physics Lab,SCI,H,,White,M
SDUNT578,2023,5041-003,AP Calculus 4 BC,MAT,H,,White,M
SDUNT578,2023,4501-004,AP Psychology,HS,H,,White,M
SDUNT579,2023,5041-003,AP Calculus 4 BC,MAT,H,,White,M
SDUNT579,2023,4501-006,AP Psychology,HS,H,,White,M
SDUNT579,2023,6071-001,AP Physics Lab,SCI,H,,White,M
SDUNT580,2023,5041-004,AP Calculus 4 BC,MAT,H,,Asian,M
SDUNT580,2023,4501-004,AP Psychology,HS,H,,Asian,M
SDUNT580,2023,6051-003,AP Biology Lab,SCI,H,,Asian,M
SDUNT581,2023,5041-003,AP Calculus 4 BC,MAT,H,,White,M
SDUNT582,2023,5041-003,AP Calculus 4 BC,MAT,H,,Asian,F
SDUNT582,2023,5051-003,AP Statistics,MAT,H,,Asian,F
SDUNT582,2023,4501-005,AP Psychology,HS,H,,Asian,F
SDUNT583,2023,5051-003,AP Statistics,MAT,H,,White,M
SDUNT584,2024,5051-003,AP Statistics,MAT,H,,White,M
SDUNT584,2024,6061-002,AP Chemistry Lab,SCI,H,,White,M
SDUNT585,2024,5051-003,AP Statistics,MAT,H,,White,M
SDUNT586,2024,5051-003,AP Statistics,MAT,H,,White,F
SDUNT587,2023,5051-003,AP Statistics,MAT,H,,White,M
SDUNT587,2023,4501-005,AP Psychology,HS,H,,White,M
SDUNT588,2023,1301-001,AP English 12,ELA,H,,White,M
SDUNT589,2023,1301-001,AP English 12,ELA,H,,White,F
SDUNT590,2023,4501-001,AP Psychology,HS,H,,Two or more races,F
SDUNT591,2023,4501-006,AP Psychology,HS,H,,White,F
SDUNT592,2023,4501-006,AP Psychology,HS,H,,White,F
SDUNT592,2023,6051-003,AP Biology Lab,SCI,H,,White,F
SDUNT593,2023,4501-006,AP Psychology,HS,H,,Asian,F
SDUNT594,2023,4501-006,AP Psychology,HS,H,,White,F
SDUNT594,2023,6051-003,AP Biology Lab,SCI,H,,White,F
SDUNT595,2023,4501-006,AP Psychology,HS,H,,Asian,F
SDUNT596,2023,4501-001,AP Psychology,HS,H,,Hispanic/Latino,F
SDUNT597,2023,4501-001,AP Psychology,HS,H,,White,M
SDUNT598,2023,4501-005,AP Psychology,HS,H,,White,F
SDUNT599,2023,4501-004,AP Psychology,HS,H,,White,F
SDUNT600,2023,4501-003,AP Psychology,HS,H,,Hispanic/Latino,F
SDUNT601,2023,4401-001,AP European History,HS,H,,White,M
SDUNT602,2023,4501-003,AP Psychology,HS,H,,Black/African American,M
SDUNT603,2023,4501-005,AP Psychology,HS,H,,White,N
SDUNT604,2023,4501-003,AP Psychology,HS,H,,Two or more races,M
SDUNT605,2023,4501-005,AP Psychology,HS,H,,White,F
SDUNT606,2023,4501-004,AP Psychology,HS,H,,White,F
SDUNT607,2023,4501-003,AP Psychology,HS,H,,White,F
SDUNT608,2023,4501-005,AP Psychology,HS,H,,White,F
SDUNT609,2023,4501-005,AP Psychology,HS,H,,Hispanic/Latino,F
SDUNT610,2023,4501-005,AP Psychology,HS,H,,White,M
SDUNT611,2024,4301-001,AP US History,HS,H,,White,M
SDUNT612,2024,4301-001,AP US History,HS,H,,Asian,F
SDUNT613,2024,4301-001,AP US History,HS,H,,White,M
SDUNT614,2024,4301-001,AP US History,HS,H,,White,M
SDUNT615,2024,4301-001,AP US History,HS,H,,White,M
SDUNT616,2024,4301-001,AP US History,HS,H,,Hispanic/Latino,F
SDUNT617,2023,6051-003,AP Biology Lab,SCI,H,,White,M
SDUNT618,2024,6061-003,AP Chemistry Lab,SCI,H,,White,M
SDUNT619,2024,6061-001,AP Chemistry Lab,SCI,H,,White,M
SDUNT620,2024,6061-003,AP Chemistry Lab,SCI,H,,White,F
SDUNT621,2024,6061-003,AP Chemistry Lab,SCI,H,,Asian,F
SDUNT622,2023,6061-002,AP Chemistry Lab,SCI,H,,White,M
SDUNT622,2023,6071-001,AP Physics Lab,SCI,H,,White,M
SDUNT623,2024,6061-001,AP Chemistry Lab,SCI,H,,White,F
SDUNT624,2024,6061-002,AP Chemistry Lab,SCI,H,,White,F
SDUNT625,2024,6061-002,AP Chemistry Lab,SCI,H,,White,M
SDUNT626,2024,6061-002,AP Chemistry Lab,SCI,H,,White,M
SDUNT627,2024,6061-001,AP Chemistry Lab,SCI,H,,White,M
SDUNT628,2024,6061-003,AP Chemistry Lab,SCI,H,,Two or more races,M
SDUNT629,2024,6061-003,AP Chemistry Lab,SCI,H,,Two or more races,F
SDUNT630,2024,6061-001,AP Chemistry Lab,SCI,H,,White,M
SDUNT631,2024,6061-002,AP Chemistry Lab,SCI,H,,White,M
SDUNT632,2024,6061-002,AP Chemistry Lab,SCI,H,,White,F