,artist,album_name,track,release_date,danceability,energy,key,loudness,mode,speechiness,acousticness,instrumentalness,liveness,valence,tempo,duration_ms,time_signature
0,Green Day,Nimrod (25th Anniversary Edition),Nice Guys Finish Last,2023-01-27,0.474,0.99,1,-3.96,0,0.0623,4.53E-05,0.00103,0.155,0.786,94.13,168533,4
1,Green Day,Nimrod (25th Anniversary Edition),Hitchin' a Ride,2023-01-27,0.41,0.912,11,-4.629,0,0.0985,0.00255,0.00667,0.168,0.656,164.305,171653,4
2,Green Day,Nimrod (25th Anniversary Edition),The Grouch,2023-01-27,0.386,0.995,9,-3.467,1,0.0745,0.00153,8.67E-05,0.153,0.622,170.026,131973,4
3,Green Day,Nimrod (25th Anniversary Edition),Redundant,2023-01-27,0.46,0.938,9,-3.732,1,0.0345,6.17E-06,0.00516,0.0858,0.884,116.107,197613,4
4,Green Day,Nimrod (25th Anniversary Edition),Scattered,2023-01-27,0.474,0.99,4,-3.99,1,0.0513,2.57E-05,0.00124,0.108,0.8,92.041,182040,4
5,Green Day,Nimrod (25th Anniversary Edition),All the Time,2023-01-27,0.515,0.97,2,-4.206,1,0.043,0.00042,3.72E-05,0.103,0.963,154.873,130347,4
6,Green Day,Nimrod (25th Anniversary Edition),Worry Rock,2023-01-27,0.342,0.975,4,-3.458,1,0.0635,0.000615,0,0.126,0.779,145.059,146787,4
7,Green Day,Nimrod (25th Anniversary Edition),Platypus (I Hate You),2023-01-27,0.211,0.976,9,-4.679,0,0.0902,7.57E-06,4.15E-06,0.0756,0.58,172.981,141693,4
8,Green Day,Nimrod (25th Anniversary Edition),Uptight,2023-01-27,0.479,0.976,6,-3.962,1,0.0772,0.00339,0.001,0.174,0.624,165.22,183920,4
9,Green Day,Nimrod (25th Anniversary Edition),Last Ride In,2023-01-27,0.38,0.538,4,-9.051,1,0.0305,0.0805,0.845,0.14,0.474,124.322,228080,4
10,Green Day,Nimrod (25th Anniversary Edition),Jinx,2023-01-27,0.442,0.959,0,-4.319,1,0.0422,2.06E-05,0.00325,0.243,0.931,95.996,132520,4
11,Green Day,Nimrod (25th Anniversary Edition),Haushinka,2023-01-27,0.436,0.99,2,-3.89,1,0.0604,4.63E-06,0.02,0.145,0.37,93.062,204987,4
12,Green Day,Nimrod (25th Anniversary Edition),Walking Alone,2023-01-27,0.544,0.877,0,-3.483,1,0.0318,0.000431,0.0118,0.298,0.882,113.093,165040,4
13,Green Day,Nimrod (25th Anniversary Edition),Reject,2023-01-27,0.172,0.984,11,-3.8,1,0.102,6.13E-06,0.000163,0.347,0.835,195.15,125667,4
14,Green Day,Nimrod (25th Anniversary Edition),Take Back,2023-01-27,0.285,0.993,9,-3.536,0,0.0836,4.05E-06,0.178,0.156,0.777,116.079,69227,4
15,Green Day,Nimrod (25th Anniversary Edition),King for a Day,2023-01-27,0.404,0.983,9,-3.763,1,0.0417,0.000552,1.17E-05,0.159,0.958,147.935,193160,4
16,Green Day,Nimrod (25th Anniversary Edition),Good Riddance (Time of Your Life),2023-01-27,0.339,0.435,7,-8.017,1,0.0318,0.29,0,0.0789,0.627,94.894,154680,4
17,Green Day,Nimrod (25th Anniversary Edition),Prosthetic Head,2023-01-27,0.387,0.897,4,-5.123,1,0.0381,0.000577,0.000107,0.0288,0.861,137.835,217596,4
18,Green Day,Nimrod (25th Anniversary Edition),Nice Guys Finish Last - Demo,2023-01-27,0.198,0.941,4,-6.29,1,0.0596,0.000561,0,0.215,0.77,176.955,173032,4
19,Green Day,Nimrod (25th Anniversary Edition),Place Inside My Head - Demo,2023-01-27,0.485,0.969,7,-5.702,1,0.0348,0.121,0.403,0.224,0.81,91.474,152642,4
20,Green Day,Nimrod (25th Anniversary Edition),The Grouch - Demo,2023-01-27,0.238,0.93,9,-7.599,1,0.0847,9.31E-06,1.34E-05,0.4,0.942,170.359,129105,4
21,Green Day,Nimrod (25th Anniversary Edition),Walking Alone - Demo,2023-01-27,0.657,0.762,7,-7.302,1,0.0347,0.00313,0.000109,0.128,0.915,119.475,153552,4
22,Green Day,Nimrod (25th Anniversary Edition),Jinx - Demo,2023-01-27,0.175,0.976,7,-5.623,1,0.101,8.08E-06,0.0502,0.154,0.737,195.571,111760,4
23,Green Day,Nimrod (25th Anniversary Edition),Alison - Demo,2023-01-27,0.674,0.145,4,-12.082,1,0.0435,0.75,0.000291,0.29,0.416,88.026,154427,4
24,Green Day,Nimrod (25th Anniversary Edition),Espionage - Demo,2023-01-27,0.148,0.899,4,-7.808,0,0.0379,9.36E-05,0.972,0.244,0.646,137.434,196209,4
25,Green Day,Nimrod (25th Anniversary Edition),You Irritate Me - Demo,2023-01-27,0.409,0.955,9,-6.137,1,0.0438,0.0156,1.62E-05,0.361,0.965,101.181,96638,4
26,Green Day,Nimrod (25th Anniversary Edition),Tre Polka - Demo,2023-01-27,0.67,0.541,0,-8.517,1,0.227,0.674,0.143,0.238,0.869,72.939,158465,4
27,Green Day,Nimrod (25th Anniversary Edition),When It’s Time - Demo,2023-01-27,0.492,0.425,6,-7.47,1,0.0268,0.251,2.04E-06,0.153,0.344,77.438,140751,4
28,Green Day,Nimrod (25th Anniversary Edition),Desensitized - Demo,2023-01-27,0.32,0.858,0,-7.036,1,0.111,0.00167,1.17E-05,0.0871,0.627,166.943,147049,4
29,Green Day,Nimrod (25th Anniversary Edition),Chain Saw - Demo,2023-01-27,0.54,0.963,4,-5.674,1,0.0301,0.00937,0.00281,0.299,0.975,99.432,93177,4
30,Green Day,Nimrod (25th Anniversary Edition),Reject - Demo,2023-01-27,0.375,0.902,11,-7.039,1,0.0498,0.000494,0,0.1,0.833,95.646,124042,4
31,Green Day,Nimrod (25th Anniversary Edition),Black Eyeliner - Demo,2023-01-27,0.462,0.475,9,-7.909,1,0.0305,0.745,1.11E-05,0.102,0.578,151.386,193996,5
32,Green Day,Nimrod (25th Anniversary Edition),"Going to Pasalacqua - Live at the Electric Factory, Philadelphia 11/14/97",2023-01-27,0.105,0.987,8,-3.457,1,0.0885,8.41E-05,0.00268,0.223,0.362,188.58,253052,4
33,Green Day,Nimrod (25th Anniversary Edition),"Welcome to Paradise - Live at the Electric Factory, Philadelphia 11/14/97",2023-01-27,0.317,0.99,3,-4.078,0,0.12,0.0003,0.0357,0.872,0.35,96.623,252062,4
34,Green Day,Nimrod (25th Anniversary Edition),"Geek Stink Breath - Live at the Electric Factory, Philadelphia 11/14/97",2023-01-27,0.213,0.997,11,-4.304,1,0.154,0.00134,0.000357,0.959,0.283,143.89,158562,4
35,Green Day,Nimrod (25th Anniversary Edition),"Nice Guys Finish Last - Live at the Electric Factory, Philadelphia 11/14/97",2023-01-27,0.363,0.99,4,-3.879,1,0.061,5.74E-05,0.00404,0.686,0.708,96.902,177430,4
36,Green Day,Nimrod (25th Anniversary Edition),"Hitchin' a Ride - Live at the Electric Factory, Philadelphia 11/14/97",2023-01-27,0.264,0.969,9,-4.773,1,0.225,0.0101,0.00275,0.884,0.225,173.789,257067,4
37,Green Day,Nimrod (25th Anniversary Edition),"The Grouch - Live at the Electric Factory, Philadelphia 11/14/97",2023-01-27,0.17,0.997,9,-4.396,1,0.244,0.00253,9.23E-05,0.508,0.152,180.977,194000,4
38,Green Day,Nimrod (25th Anniversary Edition),"Chump - Live at the Electric Factory, Philadelphia 11/14/97",2023-01-27,0.347,0.995,3,-3.634,0,0.0826,4.10E-05,0.303,0.568,0.227,95.252,161187,4
39,Green Day,Nimrod (25th Anniversary Edition),"Longview - Live at the Electric Factory, Philadelphia 11/14/97",2023-01-27,0.166,0.935,3,-5.11,0,0.0831,0.00119,0.000155,0.358,0.399,82.734,216192,4
40,Green Day,Nimrod (25th Anniversary Edition),"2000 Light Years Away - Live at the Electric Factory, Philadelphia 11/14/97",2023-01-27,0.444,0.978,3,-5.111,1,0.0953,0.000597,0.00582,0.376,0.351,96.007,366687,4
41,Green Day,Nimrod (25th Anniversary Edition),"Brain Stew - Live at the Electric Factory, Philadelphia 11/14/97",2023-01-27,0.293,0.965,1,-4.054,1,0.0763,0.00329,4.17E-05,0.492,0.234,85.845,195187,4
42,Green Day,Nimrod (25th Anniversary Edition),"Jaded - Live at the Electric Factory, Philadelphia 11/14/97",2023-01-27,0.152,0.997,8,-4.438,1,0.443,0.00442,0.000174,0.691,0.353,166.932,146938,4
43,Green Day,Nimrod (25th Anniversary Edition),"Knowledge - Live at the Electric Factory, Philadelphia 11/14/97",2023-01-27,0.227,0.943,6,-4.445,1,0.0712,0.00991,0.000545,0.21,0.579,168.321,368250,4
44,Green Day,Nimrod (25th Anniversary Edition),"Basket Case - Live at the Electric Factory, Philadelphia 11/14/97",2023-01-27,0.312,0.992,3,-3.874,1,0.0636,0.000186,0.000911,0.482,0.291,92.674,168750,4
45,Green Day,Nimrod (25th Anniversary Edition),"She - Live at the Electric Factory, Philadelphia 11/14/97",2023-01-27,0.371,0.986,6,-3.749,1,0.0476,0.000155,0.000973,0.187,0.528,95.316,154777,4
46,Green Day,Nimrod (25th Anniversary Edition),"F.O.D. - Live at the Electric Factory, Philadelphia 11/14/97",2023-01-27,0.168,0.946,1,-4.872,1,0.0766,0.017,5.00E-05,0.343,0.38,89.7,159599,4
47,Green Day,Nimrod (25th Anniversary Edition),"Paper Lanterns - Live at the Electric Factory, Philadelphia 11/14/97",2023-01-27,0.291,0.989,10,-5.157,0,0.117,0.000596,0.0536,0.508,0.227,96.063,594625,4
48,Green Day,Nimrod (25th Anniversary Edition),"Scattered - Live at the Electric Factory, Philadelphia 11/14/97",2023-01-27,0.351,0.993,9,-3.754,1,0.0716,7.39E-05,0.0565,0.608,0.348,95.76,199187,4
49,Green Day,Nimrod (25th Anniversary Edition),"Prosthetic Head - Live at the Electric Factory, Philadelphia 11/14/97",2023-01-27,0.251,0.988,4,-4.113,1,0.0925,0.00244,0.00383,0.394,0.406,148.129,245625,4
50,Green Day,BBC Sessions (Live),She - BBC Live Session,2021-12-10,0.252,0.911,6,-5.743,1,0.0875,0.00026,2.83E-05,0.206,0.815,186.102,131810,4
51,Green Day,BBC Sessions (Live),When I Come Around - BBC Live Session,2021-12-10,0.464,0.835,6,-5.825,1,0.0692,0.056,0,0.106,0.751,97.343,172457,4
52,Green Day,BBC Sessions (Live),Basket Case - BBC Live Session,2021-12-10,0.23,0.922,3,-6.075,1,0.124,0.00341,0,0.108,0.439,184.406,176220,4
53,Green Day,BBC Sessions (Live),2000 Light Years Away - BBC Live Session,2021-12-10,0.27,0.977,10,-4.861,1,0.119,0.00235,1.12E-06,0.235,0.644,190.131,158390,4
54,Green Day,BBC Sessions (Live),Geek Stink Breath - BBC Live Session,2021-12-10,0.302,0.981,11,-3.766,1,0.0941,0.000363,0.0221,0.074,0.805,138.863,126756,4
55,Green Day,BBC Sessions (Live),Brain Stew/Jaded - BBC Live Session,2021-12-10,0.344,0.711,1,-5.352,1,0.245,0.00388,2.05E-05,0.0533,0.427,77.577,274196,4
56,Green Day,BBC Sessions (Live),Walking Contradiction - BBC Live Session,2021-12-10,0.376,0.968,1,-3.801,1,0.0461,0.000456,0,0.111,0.901,150.009,155263,4
57,Green Day,BBC Sessions (Live),Stuck with Me - BBC Live Session,2021-12-10,0.23,0.968,8,-4.626,1,0.0556,3.99E-05,0.5,0.0722,0.861,193.619,138323,4
58,Green Day,BBC Sessions (Live),Hitchin' a Ride - BBC Live Session,2021-12-10,0.435,0.754,11,-5.285,0,0.199,0.00198,0.0103,0.153,0.903,161.842,170823,4
59,Green Day,BBC Sessions (Live),Nice Guys Finish Last - BBC Live Session,2021-12-10,0.281,0.961,4,-4.851,1,0.0581,9.43E-05,0.0577,0.552,0.935,179.574,177374,4
60,Green Day,BBC Sessions (Live),Prosthetic Head - BBC Live Session,2021-12-10,0.454,0.91,4,-5.001,1,0.0766,0.00338,0.00511,0.046,0.878,137.2,213083,4
61,Green Day,BBC Sessions (Live),Redundant - BBC Live Session,2021-12-10,0.572,0.87,9,-4.199,1,0.0284,6.53E-05,0.0187,0.116,0.856,115.1,196550,4
62,Green Day,BBC Sessions (Live),Castaway - BBC Live Session,2021-12-10,0.429,0.935,11,-5.577,1,0.133,0.00492,0,0.113,0.586,126.497,230538,4
63,Green Day,BBC Sessions (Live),Church on Sunday - BBC Live Session,2021-12-10,0.233,0.963,9,-5.012,1,0.0719,9.15E-05,0.00498,0.0856,0.519,173.809,193315,4
64,Green Day,BBC Sessions (Live),Minority - BBC Live Session,2021-12-10,0.252,0.86,0,-6.29,1,0.063,0.00106,1.09E-05,0.287,0.755,157.837,198497,4
65,Green Day,BBC Sessions (Live),Waiting - BBC Live Session,2021-12-10,0.271,0.715,8,-6.826,1,0.0546,0.0014,1.06E-05,0.293,0.283,145.314,200259,4
66,Green Day,Insomniac (25th Anniversary Deluxe Edition),Armatage Shanks,2021-03-19,0.293,0.971,8,-4.178,1,0.0779,2.49E-05,0.106,0.104,0.964,190.169,136533,4
67,Green Day,Insomniac (25th Anniversary Deluxe Edition),Brat,2021-03-19,0.32,0.987,11,-3.759,1,0.0521,0.000272,0,0.0277,0.967,178.712,103280,4
68,Green Day,Insomniac (25th Anniversary Deluxe Edition),Stuck with Me,2021-03-19,0.29,0.979,3,-3.189,1,0.0714,0.000102,0.007,0.0395,0.897,191.811,135520,4
69,Green Day,Insomniac (25th Anniversary Deluxe Edition),Geek Stink Breath,2021-03-19,0.516,0.995,11,-2.429,1,0.0393,7.29E-05,1.89E-05,0.118,0.851,131.433,135800,4
70,Green Day,Insomniac (25th Anniversary Deluxe Edition),No Pride,2021-03-19,0.398,0.979,0,-4.493,1,0.0512,7.50E-06,0.279,0.0984,0.748,93.103,139747,4
71,Green Day,Insomniac (25th Anniversary Deluxe Edition),Bab's Uvula Who?,2021-03-19,0.51,0.941,11,-4.204,1,0.0548,0.0008,0.000254,0.0272,0.974,96.182,128147,4
72,Green Day,Insomniac (25th Anniversary Deluxe Edition),86,2021-03-19,0.197,0.967,3,-4.076,1,0.0862,1.72E-05,0.00482,0.0546,0.849,189.733,167640,4
73,Green Day,Insomniac (25th Anniversary Deluxe Edition),Panic Song,2021-03-19,0.222,0.944,10,-4.658,0,0.0828,5.45E-05,0.132,0.102,0.249,92.25,215333,4
74,Green Day,Insomniac (25th Anniversary Deluxe Edition),Stuart and the Ave.,2021-03-19,0.289,0.986,1,-2.831,1,0.0776,9.96E-05,0.00367,0.0819,0.87,187.38,123240,4
75,Green Day,Insomniac (25th Anniversary Deluxe Edition),Brain Stew,2021-03-19,0.588,0.64,1,-5.289,1,0.372,0.00197,6.37E-05,0.0564,0.25,75.96,192827,4
76,Green Day,Insomniac (25th Anniversary Deluxe Edition),Jaded,2021-03-19,0.26,0.995,1,-3.522,1,0.0744,7.44E-05,0.000178,0.057,0.755,159.325,90813,4
77,Green Day,Insomniac (25th Anniversary Deluxe Edition),Westbound Sign,2021-03-19,0.182,0.996,3,-3.6,1,0.0758,1.94E-05,0.00213,0.209,0.371,185.572,133200,4
78,Green Day,Insomniac (25th Anniversary Deluxe Edition),Tight Wad Hill,2021-03-19,0.387,0.973,1,-4.894,1,0.0382,3.98E-05,0.0011,0.055,0.957,99.089,121027,4
79,Green Day,Insomniac (25th Anniversary Deluxe Edition),Walking Contradiction,2021-03-19,0.471,0.976,1,-4.664,1,0.0604,0.00131,0,0.0743,0.825,154.429,150977,4
80,Green Day,Insomniac (25th Anniversary Deluxe Edition),Armatage Shanks - Live in Prague,2021-03-19,0.351,0.968,8,-10.288,1,0.0898,0.00194,7.72E-06,0.16,0.414,102.161,149160,4
81,Green Day,Insomniac (25th Anniversary Deluxe Edition),Brat - Live in Prague,2021-03-19,0.153,0.969,6,-10.098,1,0.101,0.0143,2.77E-05,0.576,0.406,196.212,114736,4
82,Green Day,Insomniac (25th Anniversary Deluxe Edition),Geek Stink Breath - Live in Prague,2021-03-19,0.251,0.978,11,-10.016,1,0.0593,0.00615,0.00146,0.408,0.488,147.14,126812,4
83,Green Day,Insomniac (25th Anniversary Deluxe Edition),Stuck with Me - Live in Prague,2021-03-19,0.384,0.964,8,-9.868,1,0.0518,0.00414,0.000328,0.688,0.608,103.459,133146,4
84,Green Day,Insomniac (25th Anniversary Deluxe Edition),Brain Stew - Live in Prague,2021-03-19,0.484,0.705,8,-11.836,1,0.0732,0.0173,0,0.307,0.366,87.459,180915,4
85,Green Day,Insomniac (25th Anniversary Deluxe Edition),Jaded - Live in Prague,2021-03-19,0.324,0.98,8,-10.829,1,0.0781,0.00264,0.00461,0.921,0.528,87.694,88562,4
86,Green Day,Insomniac (25th Anniversary Deluxe Edition),Walking Contradiction - Live in Prague,2021-03-19,0.248,0.97,1,-10.759,1,0.0915,0.000902,0.00512,0.374,0.618,166.713,142405,4
87,Green Day,Insomniac (25th Anniversary Deluxe Edition),86 - Live in Prague,2021-03-19,0.226,0.959,8,-11.396,1,0.0874,0.00113,0.193,0.797,0.135,100.693,267757,4
88,Green Day,No Fun Mondays,I Think We're Alone Now,2020-11-27,0.594,0.636,9,-6.306,1,0.0323,0.0363,0,0.0908,0.676,131.982,134672,4
89,Green Day,No Fun Mondays,War Stories,2020-11-27,0.333,0.967,4,-4.409,1,0.0855,0.00166,0,0.0941,0.491,167.868,161802,4
90,Green Day,No Fun Mondays,Manic Monday,2020-11-27,0.543,0.912,9,-3.573,1,0.0362,0.00291,0,0.345,0.901,121.975,186944,4
91,Green Day,No Fun Mondays,Corpus Christi,2020-11-27,0.385,0.956,2,-4.736,1,0.0485,0.000484,0,0.387,0.433,145.06,204117,4
92,Green Day,No Fun Mondays,That Thing You Do!,2020-11-27,0.457,0.942,2,-4.173,1,0.0662,0.000333,0,0.153,0.595,134.998,168600,4
93,Green Day,No Fun Mondays,Amico,2020-11-27,0.453,0.919,5,-4.454,1,0.0776,0.00243,0,0.371,0.64,150.228,147991,4
94,Green Day,No Fun Mondays,You Can't Put Your Arms Round a Memory,2020-11-27,0.504,0.892,2,-5.45,1,0.0424,0.002,2.13E-06,0.0913,0.487,121.801,211285,4
95,Green Day,No Fun Mondays,Kids in America,2020-11-27,0.488,0.815,6,-5.432,0,0.0532,0.000529,0,0.117,0.606,161.047,188758,4
96,Green Day,No Fun Mondays,Not That Way Anymore,2020-11-27,0.228,0.977,9,-4.055,1,0.146,0.000193,0,0.0961,0.563,152.903,172722,4
97,Green Day,No Fun Mondays,That's Rock 'n' Roll,2020-11-27,0.625,0.928,8,-5.293,1,0.0614,0.00787,0,0.426,0.94,130.151,179435,4
98,Green Day,No Fun Mondays,Gimme Some Truth,2020-11-27,0.443,0.901,4,-6.886,1,0.131,9.15E-05,9.94E-06,0.0485,0.594,158.555,168371,4
99,Green Day,No Fun Mondays,Whole Wide World,2020-11-27,0.592,0.757,4,-7.386,1,0.0757,0.026,0,0.0677,0.372,113.399,198656,4
100,Green Day,No Fun Mondays,Police on My Back,2020-11-27,0.525,0.878,1,-6.641,1,0.0833,0.00115,0,0.0974,0.551,147.016,191140,4
101,Green Day,No Fun Mondays,A New England,2020-11-27,0.515,0.892,5,-6.671,1,0.0373,0.0128,0,0.151,0.966,165.024,129266,4
102,Green Day,Father of All...,Father of All...,2020-02-07,0.462,0.912,11,-4.07,0,0.226,0.000138,0,0.0357,0.722,163.937,151363,4
103,Green Day,Father of All...,"Fire, Ready, Aim",2020-02-07,0.448,0.925,11,-3.839,1,0.045,3.22E-05,0,0.392,0.917,156.053,112940,4
104,Green Day,Father of All...,Oh Yeah!,2020-02-07,0.623,0.792,11,-6.37,1,0.0664,7.00E-05,0.00467,0.159,0.584,127.041,171161,4
105,Green Day,Father of All...,Meet Me on the Roof,2020-02-07,0.409,0.948,1,-5.908,0,0.115,2.87E-05,0,0.741,0.839,171.132,159608,4
106,Green Day,Father of All...,I Was a Teenage Teenager,2020-02-07,0.549,0.692,1,-6.292,1,0.0301,0.000192,0.00388,0.0938,0.751,114.614,224568,4
107,Green Day,Father of All...,Stab You in the Heart,2020-02-07,0.47,0.986,2,-5.143,1,0.11,8.53E-05,2.98E-06,0.262,0.413,150.127,130318,4
108,Green Day,Father of All...,Sugar Youth,2020-02-07,0.366,0.947,9,-5.747,1,0.0599,5.25E-06,0.0359,0.337,0.95,177.98,114331,4
109,Green Day,Father of All...,Junkies on a High,2020-02-07,0.49,0.736,2,-6.016,1,0.0278,0.00329,0.00683,0.225,0.722,155.923,186126,4
110,Green Day,Father of All...,Take the Money and Crawl,2020-02-07,0.356,0.883,6,-6.303,0,0.111,0.000727,0,0.369,0.377,148.138,128944,4
111,Green Day,Father of All...,Graffitia,2020-02-07,0.655,0.795,5,-6.673,0,0.0547,0.0143,0,0.297,0.364,130.968,197601,4
112,Green Day,Revolution Radio,Somewhere Now,2016-10-07,0.463,0.892,2,-4.982,1,0.053,0.00138,2.61E-06,0.164,0.335,117.404,249360,4
113,Green Day,Revolution Radio,Bang Bang,2016-10-07,0.499,0.958,9,-5.417,1,0.0898,0.000326,2.19E-06,0.432,0.359,127.491,205440,4
114,Green Day,Revolution Radio,Revolution Radio,2016-10-07,0.419,0.971,7,-3.622,1,0.0909,4.63E-05,1.43E-05,0.171,0.677,180.033,180853,4
115,Green Day,Revolution Radio,Say Goodbye,2016-10-07,0.467,0.946,1,-3.995,1,0.0482,0.000216,0.00926,0.412,0.789,129.89,219347,4
116,Green Day,Revolution Radio,Outlaws,2016-10-07,0.274,0.717,5,-5.435,1,0.0382,0.0111,0,0.123,0.0931,185.17,302333,4
117,Green Day,Revolution Radio,Bouncing off the Wall,2016-10-07,0.518,0.944,4,-4.602,1,0.055,0.000495,3.05E-05,0.426,0.678,128.994,159587,4
118,Green Day,Revolution Radio,Still Breathing,2016-10-07,0.54,0.902,1,-3.577,1,0.0442,0.0142,0,0.0756,0.692,75.033,224760,4
119,Green Day,Revolution Radio,Youngblood,2016-10-07,0.522,0.963,1,-3.31,1,0.0528,0.00104,0,0.149,0.782,136.515,152760,4
120,Green Day,Revolution Radio,Too Dumb to Die,2016-10-07,0.412,0.965,9,-4.206,1,0.0654,0.000276,2.25E-06,0.408,0.612,167.049,203573,4
121,Green Day,Revolution Radio,Troubled Times,2016-10-07,0.572,0.883,0,-3.74,1,0.0392,0.000893,0,0.102,0.469,117.915,184813,4
122,Green Day,Revolution Radio,Forever Now,2016-10-07,0.277,0.96,2,-3.476,1,0.0727,0.000239,3.11E-06,0.363,0.632,114.132,412347,4
123,Green Day,Revolution Radio,Ordinary World,2016-10-07,0.412,0.226,7,-12.377,1,0.0323,0.895,7.74E-05,0.0871,0.524,168.139,182893,4
124,Green Day,Demolicious,99 Revolutions - Demo,2014-04-19,0.253,0.945,0,-4.254,1,0.314,3.24E-05,0.00192,0.0709,0.386,172.044,246000,4
125,Green Day,Demolicious,Angel Blue - Demo,2014-04-19,0.34,0.924,11,-4.603,1,0.19,2.32E-05,0.169,0.0774,0.493,91.042,175000,4
126,Green Day,Demolicious,Carpe Diem - Demo,2014-04-19,0.385,0.942,1,-4.62,1,0.163,0.000254,2.92E-06,0.699,0.55,135.429,219000,4
127,Green Day,Demolicious,State of Shock - Demo,2014-04-19,0.453,0.938,2,-5.463,1,0.0404,0.115,1.69E-05,0.316,0.645,86.972,147627,4
128,Green Day,Demolicious,Let Yourself Go - Demo,2014-04-19,0.448,0.975,2,-4.586,1,0.0474,0.164,0,0.757,0.64,100.975,179800,4
129,Green Day,Demolicious,"Sex, Drugs & Violence - Demo",2014-04-19,0.26,0.979,4,-4.535,1,0.269,2.46E-05,0.00217,0.278,0.566,178.104,205320,4
130,Green Day,Demolicious,Ashley - Demo,2014-04-19,0.369,0.952,4,-4.875,0,0.044,0.0845,2.56E-06,0.247,0.594,93.695,167053,4
131,Green Day,Demolicious,Fell for You - Demo,2014-04-19,0.432,0.851,9,-5.623,1,0.0399,0.0659,6.75E-05,0.11,0.752,143.92,192200,4
132,Green Day,Demolicious,Stay the Night - Demo,2014-04-19,0.161,0.924,2,-6.363,1,0.0604,0.0683,1.90E-06,0.0739,0.505,83.112,280427,4
133,Green Day,Demolicious,Nuclear Family - Demo,2014-04-19,0.372,0.951,4,-4.461,1,0.293,4.28E-05,0.0771,0.774,0.523,90.477,183147,4
134,Green Day,Demolicious,Stray Heart - Demo,2014-04-19,0.53,0.875,4,-6.861,1,0.041,0.116,2.62E-06,0.843,0.551,103.944,230427,4
135,Green Day,Demolicious,Rusty James - Demo,2014-04-19,0.326,0.952,4,-4.716,1,0.153,8.07E-06,0.0391,0.0714,0.52,84.249,254547,4
136,Green Day,Demolicious,A Little Boy Named Train - Demo,2014-04-19,0.409,0.938,6,-4.919,1,0.149,0.000574,0.0233,0.341,0.509,135.429,237453,4
137,Green Day,Demolicious,Baby Eyes - Demo,2014-04-19,0.238,0.951,11,-4.655,1,0.272,1.49E-05,0.0982,0.129,0.458,179.323,135000,4
138,Green Day,Demolicious,Makeout Party - Demo,2014-04-19,0.337,0.935,7,-4.632,1,0.0922,0.0288,0.00016,0.125,0.471,98.056,192000,4
139,Green Day,Demolicious,Oh Love - Demo,2014-04-19,0.358,0.699,8,-5.838,1,0.0414,0.287,1.73E-05,0.0864,0.439,83.958,313000,4
140,Green Day,Demolicious,Missing You - Demo,2014-04-19,0.25,0.951,9,-4.62,1,0.228,9.33E-05,0.00128,0.297,0.36,171.82,221000,4
141,Green Day,Demolicious,Stay the Night - Acoustic,2014-04-19,0.599,0.0674,8,-19.786,1,0.0451,0.976,1.58E-06,0.254,0.427,148.588,189000,4
142,Green Day,¡TRÉ!,Brutal Love,2012-12-11,0.367,0.77,8,-5.095,1,0.0273,0.025,3.80E-06,0.0722,0.316,93.05,294747,3
143,Green Day,¡TRÉ!,Missing You,2012-12-11,0.485,0.94,9,-4.067,1,0.0423,0.00296,0.000175,0.134,0.815,164.873,223693,4
144,Green Day,¡TRÉ!,8th Avenue Serenade,2012-12-11,0.457,0.972,2,-3.241,1,0.0568,0.000313,0.000157,0.337,0.718,170.929,156653,4
145,Green Day,¡TRÉ!,Drama Queen,2012-12-11,0.657,0.633,0,-5.508,1,0.0259,0.0491,0,0.103,0.347,109.008,187533,4
146,Green Day,¡TRÉ!,X-Kid,2012-12-11,0.574,0.874,4,-3.739,1,0.0874,0.00358,4.04E-06,0.098,0.799,134.963,221720,4
147,Green Day,¡TRÉ!,"Sex, Drugs & Violence",2012-12-11,0.475,0.99,4,-3.497,1,0.0709,0.000554,5.97E-05,0.0985,0.837,171.023,211947,4
148,Green Day,¡TRÉ!,A Little Boy Named Train,2012-12-11,0.524,0.952,6,-4.114,1,0.0376,0.000697,0.00106,0.322,0.753,143.997,217267,4
149,Green Day,¡TRÉ!,Amanda,2012-12-11,0.458,0.952,11,-4.146,1,0.0553,0.000197,3.12E-05,0.351,0.563,159.901,148067,4
150,Green Day,¡TRÉ!,Walk Away,2012-12-11,0.45,0.941,2,-4.084,1,0.0412,0.00288,1.82E-06,0.365,0.613,122.769,225893,4
151,Green Day,¡TRÉ!,Dirty Rotten Bastards,2012-12-11,0.288,0.984,0,-3.375,1,0.0709,0.000307,5.96E-05,0.35,0.702,141.999,386360,4
152,Green Day,¡TRÉ!,99 Revolutions,2012-12-11,0.475,0.949,0,-3.431,1,0.0859,0.00041,0,0.0646,0.669,172.035,229893,4
153,Green Day,¡TRÉ!,The Forgotten,2012-12-11,0.534,0.425,9,-5.917,1,0.0272,0.128,0,0.14,0.0742,132.041,298733,4
154,Green Day,¡DOS!,See You Tonight,2012-11-13,0.375,0.561,9,-9.756,1,0.0409,0.896,0.561,0.437,0.438,95.477,66800,4
155,Green Day,¡DOS!,Fuck Time,2012-11-13,0.625,0.892,11,-3.194,0,0.0606,0.000702,0.0868,0.127,0.45,131.982,165773,4
156,Green Day,¡DOS!,Stop When the Red Lights Flash,2012-11-13,0.548,0.945,9,-3.259,1,0.0472,8.46E-05,0.00237,0.172,0.764,134.057,146493,4
157,Green Day,¡DOS!,Lazy Bones,2012-11-13,0.543,0.924,1,-3.286,0,0.0722,0.000432,6.29E-06,0.0545,0.836,167.011,214480,4
158,Green Day,¡DOS!,Wild One,2012-11-13,0.541,0.914,2,-2.956,1,0.0286,0.000473,0.00329,0.0679,0.529,99.994,259680,4
159,Green Day,¡DOS!,Makeout Party,2012-11-13,0.297,0.953,2,-3.164,1,0.0952,0.000378,1.73E-05,0.204,0.532,193.236,194093,4
160,Green Day,¡DOS!,Stray Heart,2012-11-13,0.628,0.943,1,-3.914,0,0.0402,0.000504,0.000237,0.152,0.743,104.041,224947,4
161,Green Day,¡DOS!,Ashley,2012-11-13,0.437,0.97,2,-2.938,1,0.131,0.000172,0,0.504,0.591,188.964,170333,4
162,Green Day,¡DOS!,Baby Eyes,2012-11-13,0.441,0.976,11,-3.581,1,0.084,0.000119,2.77E-06,0.263,0.689,178.011,142240,4
163,Green Day,¡DOS!,Lady Cobra,2012-11-13,0.496,0.977,4,-2.997,1,0.0578,8.03E-05,0.00253,0.332,0.83,88,125720,4
164,Green Day,¡DOS!,Nightlife,2012-11-13,0.69,0.835,2,-4.875,1,0.0359,0.000689,0,0.24,0.715,95.001,184987,4
165,Green Day,¡DOS!,Wow! That's Loud,2012-11-13,0.465,0.956,11,-4.157,1,0.0517,0.000538,0.000303,0.177,0.3,103.968,267573,4
166,Green Day,¡DOS!,Amy,2012-11-13,0.776,0.317,6,-8.221,1,0.0362,0.849,0,0.13,0.446,121.978,205107,4
167,Green Day,¡DOS!,See You Tonight,2012-11-12,0.375,0.561,9,-9.756,1,0.0409,0.896,0.561,0.437,0.438,95.477,66800,4
168,Green Day,¡DOS!,Fuck Time,2012-11-12,0.621,0.892,11,-3.194,0,0.0594,0.000661,0.0805,0.13,0.472,131.972,165773,4
169,Green Day,¡DOS!,Stop When the Red Lights Flash,2012-11-12,0.548,0.945,9,-3.259,1,0.0472,8.46E-05,0.00237,0.172,0.764,134.057,146493,4
170,Green Day,¡DOS!,Lazy Bones,2012-11-12,0.552,0.926,9,-3.295,1,0.0739,0.000516,6.00E-06,0.0539,0.836,167.021,214480,4
171,Green Day,¡DOS!,Wild One,2012-11-12,0.544,0.915,2,-2.943,1,0.0291,0.00049,0.00402,0.0679,0.542,99.99,259680,4
172,Green Day,¡DOS!,Makeout Party,2012-11-12,0.296,0.952,2,-3.163,1,0.0965,0.000268,2.28E-05,0.188,0.515,193.81,194093,4
173,Green Day,¡DOS!,Stray Heart,2012-11-12,0.628,0.943,1,-3.914,0,0.0402,0.000504,0.000237,0.152,0.743,104.041,224947,4
174,Green Day,¡DOS!,Ashley,2012-11-12,0.432,0.971,2,-2.96,1,0.131,0.000168,0,0.534,0.62,188.96,170333,4
175,Green Day,¡DOS!,Baby Eyes,2012-11-12,0.443,0.974,11,-3.609,1,0.0794,0.000128,2.51E-06,0.247,0.699,178.006,142240,4
176,Green Day,¡DOS!,Lady Cobra,2012-11-12,0.496,0.977,4,-2.997,1,0.0578,8.03E-05,0.00253,0.332,0.83,88,125720,4
177,Green Day,¡DOS!,Nightlife,2012-11-12,0.69,0.835,2,-4.875,1,0.0359,0.000689,0,0.24,0.715,95.001,184987,4
178,Green Day,¡DOS!,Wow! That's Loud,2012-11-12,0.465,0.956,11,-4.157,1,0.0517,0.000538,0.000303,0.177,0.3,103.968,267573,4
179,Green Day,¡DOS!,Amy,2012-11-12,0.776,0.317,6,-8.221,1,0.0362,0.849,0,0.13,0.446,121.978,205107,4
180,Green Day,¡UNO!,Nuclear Family,2012-09-24,0.437,0.988,4,-3.174,1,0.0727,7.40E-05,0.000338,0.599,0.625,175.976,183147,4
181,Green Day,¡UNO!,Stay the Night,2012-09-24,0.371,0.958,2,-4.089,1,0.053,0.000116,0.000904,0.0677,0.6,171.867,276707,4
182,Green Day,¡UNO!,Carpe Diem,2012-09-24,0.547,0.93,8,-3.469,0,0.0348,0.000167,1.79E-05,0.0477,0.796,139.969,205507,4
183,Green Day,¡UNO!,Let Yourself Go,2012-09-24,0.627,0.971,2,-3.017,1,0.0376,0.00376,4.11E-05,0.246,0.605,101,176987,4
184,Green Day,¡UNO!,Kill the DJ,2012-09-24,0.67,0.954,9,-2.632,0,0.0363,0.000694,0.000271,0.133,0.882,105.998,221627,4
185,Green Day,¡UNO!,Fell for You,2012-09-24,0.552,0.909,9,-3.413,1,0.0353,0.00052,4.72E-06,0.147,0.893,144.032,188653,4
186,Green Day,¡UNO!,Loss of Control,2012-09-24,0.522,0.988,2,-3.142,1,0.0831,0.0034,0,0.0826,0.58,181.926,187827,4
187,Green Day,¡UNO!,Troublemaker,2012-09-24,0.692,0.928,11,-3.551,0,0.0502,0.00596,6.93E-06,0.0896,0.953,140.991,165253,4
188,Green Day,¡UNO!,Angel Blue,2012-09-24,0.481,0.98,4,-3.069,1,0.0727,0.000612,9.71E-05,0.109,0.822,187.072,166747,4
189,Green Day,¡UNO!,Sweet 16,2012-09-24,0.519,0.96,0,-3.352,1,0.0537,0.000571,3.88E-06,0.294,0.774,157.993,183813,4
190,Green Day,¡UNO!,Rusty James,2012-09-24,0.492,0.955,4,-3.545,1,0.04,0.0002,3.59E-06,0.136,0.795,169.967,249253,4
191,Green Day,¡UNO!,Oh Love,2012-09-24,0.427,0.773,8,-4.222,1,0.115,0.00605,4.02E-06,0.0396,0.695,171.806,303293,4
192,Green Day,21st Century Breakdown,Song of the Century,2009-05-15,0.5,0.396,7,-21.942,1,0.661,0.992,0.932,0.861,0.813,70.374,57773,5
193,Green Day,21st Century Breakdown,21st Century Breakdown,2009-05-15,0.298,0.963,1,-3.105,1,0.0473,0.0108,0,0.178,0.407,114.944,309107,4
194,Green Day,21st Century Breakdown,Know Your Enemy,2009-05-15,0.563,0.959,4,-3.792,1,0.042,0.00167,2.21E-05,0.0639,0.963,129.972,191120,4
195,Green Day,21st Century Breakdown,¡Viva La Gloria!,2009-05-15,0.232,0.937,4,-4.141,1,0.0998,0.00389,0,0.516,0.296,178.431,210507,4
196,Green Day,21st Century Breakdown,Before the Lobotomy,2009-05-15,0.327,0.836,1,-4.132,1,0.039,0.0305,0,0.273,0.301,136.167,277013,3
197,Green Day,21st Century Breakdown,Christian's Inferno,2009-05-15,0.356,0.988,2,-3.77,1,0.0711,6.53E-05,0.00171,0.378,0.562,179.977,187067,4
198,Green Day,21st Century Breakdown,Last Night on Earth,2009-05-15,0.556,0.486,2,-7.139,1,0.0329,0.0371,1.45E-06,0.164,0.243,119.955,236533,4
199,Green Day,21st Century Breakdown,East Jesus Nowhere,2009-05-15,0.466,0.899,2,-4.143,1,0.0574,0.000718,0.000443,0.439,0.422,143.947,274707,4
200,Green Day,21st Century Breakdown,Peacemaker,2009-05-15,0.561,0.956,11,-4.045,1,0.041,0.00666,6.43E-06,0.359,0.796,99.473,204080,4
201,Green Day,21st Century Breakdown,Last of the American Girls,2009-05-15,0.526,0.923,11,-4.089,1,0.0282,0.00247,0.000164,0.0866,0.775,121.597,231027,4
202,Green Day,21st Century Breakdown,Murder City,2009-05-15,0.465,0.975,6,-3.186,0,0.0613,0.00199,1.19E-05,0.133,0.841,182.002,174427,4
203,Green Day,21st Century Breakdown,¿Viva La Gloria? (Little Girl),2009-05-15,0.519,0.845,5,-4.415,0,0.0281,0.0252,2.41E-06,0.0922,0.532,94.955,227680,4
204,Green Day,21st Century Breakdown,Restless Heart Syndrome,2009-05-15,0.253,0.826,2,-4.654,0,0.0309,0.0013,1.60E-06,0.0735,0.424,164.228,259640,4
205,Green Day,21st Century Breakdown,Horseshoes and Handgrenades,2009-05-15,0.456,0.993,9,-2.471,1,0.0594,6.58E-05,0.000601,0.297,0.684,142.966,194067,4
206,Green Day,21st Century Breakdown,The Static Age,2009-05-15,0.471,0.964,2,-3.293,1,0.0467,0.000179,0,0.541,0.847,156.014,256627,4
207,Green Day,21st Century Breakdown,21 Guns,2009-05-15,0.265,0.735,5,-5.075,1,0.0355,0.045,0,0.192,0.378,158.767,317360,4
208,Green Day,21st Century Breakdown,American Eulogy: Mass Hysteria / Modern World,2009-05-15,0.256,0.955,2,-3.605,1,0.145,0.0108,0,0.565,0.66,176.941,266107,4
209,Green Day,21st Century Breakdown,See the Light,2009-05-15,0.305,0.961,1,-4.107,1,0.0498,0.000115,1.49E-05,0.21,0.367,140.287,275933,4
210,Green Day,21st Century Breakdown,Know Your Enemy - Live,2009-05-15,0.43,0.978,11,-4.879,1,0.061,0.0195,0.00568,0.68,0.637,137.154,287600,4
211,Green Day,21st Century Breakdown,The Static Age - Live,2009-05-15,0.286,0.982,9,-3.868,1,0.0941,0.000102,0.105,0.875,0.485,163.35,270080,4
212,Green Day,21st Century Breakdown (Deluxe pre-order),A Quick One While He's Away,2009-05-15,0.362,0.816,2,-4.607,1,0.0573,0.000594,0,0.312,0.48,130.002,478720,4
213,Green Day,21st Century Breakdown (Deluxe pre-order),Another State of Mind,2009-05-15,0.204,0.949,7,-3.679,1,0.0409,1.78E-05,1.15E-05,0.21,0.634,177.518,165627,4
214,Green Day,21st Century Breakdown (Deluxe pre-order),That's All Right,2009-05-15,0.869,0.455,2,-7.822,1,0.178,0.207,0.003,0.197,0.912,87.833,120587,4
215,Green Day,21st Century Breakdown (Deluxe pre-order),Like a Rolling Stone,2009-05-15,0.288,0.957,0,-4.36,1,0.0486,0.000183,0,0.114,0.534,189.905,370147,4
216,Green Day,American Idiot (Deluxe),American Idiot,2004-09-21,0.381,0.984,1,-2.42,1,0.0638,2.53E-05,6.91E-05,0.27,0.81,186.081,174320,4
217,Green Day,American Idiot (Deluxe),Jesus of Suburbia,2004-09-21,0.3,0.929,1,-3.214,1,0.0636,0.000259,2.26E-06,0.329,0.59,147.116,548253,4
218,Green Day,American Idiot (Deluxe),Holiday / Boulevard of Broken Dreams,2004-09-21,0.29,0.827,8,-3.451,1,0.0362,0.000659,2.55E-06,0.301,0.45,167.086,493400,4
219,Green Day,American Idiot (Deluxe),Are We the Waiting / St. Jimmy,2004-09-21,0.276,0.909,9,-3.664,1,0.0618,0.00016,4.76E-06,0.0933,0.344,138.497,338147,4
220,Green Day,American Idiot (Deluxe),Give Me Novacaine / She's a Rebel,2004-09-21,0.312,0.949,9,-3.533,1,0.0784,0.00185,1.78E-05,0.0569,0.65,154.795,326200,4
221,Green Day,American Idiot (Deluxe),Extraordinary Girl / Letterbomb,2004-09-21,0.317,0.958,9,-4.051,1,0.0989,0.00089,0.000184,0.103,0.422,137.921,460000,4
222,Green Day,American Idiot (Deluxe),Wake Me up When September Ends,2004-09-21,0.546,0.814,7,-5.146,1,0.0314,0.023,0,0.0972,0.146,104.98,285653,4
223,Green Day,American Idiot (Deluxe),Homecoming,2004-09-21,0.296,0.929,9,-3.068,1,0.0751,0.000722,5.83E-06,0.349,0.411,123.709,558520,4
224,Green Day,American Idiot (Deluxe),Whatsername,2004-09-21,0.813,0.547,2,-5.936,1,0.0344,0.00104,0.00335,0.0914,0.8,119.998,257213,4
225,Green Day,American Idiot (Deluxe),Too Much Too Soon,2004-09-21,0.401,0.995,11,-3.07,1,0.17,0.000349,1.45E-06,0.0952,0.61,170.861,210907,4
226,Green Day,American Idiot (Deluxe),Shoplifter,2004-09-21,0.379,0.955,9,-3.125,1,0.0483,0.000331,2.17E-06,0.756,0.732,142.678,110267,4
227,Green Day,American Idiot (Deluxe),Governator,2004-09-21,0.563,0.979,4,-2.175,1,0.0658,0.0225,1.70E-05,0.0372,0.881,173.998,151387,4
228,Green Day,Shenanigans,Suffocate,2002-07-02,0.41,0.985,1,-4.41,1,0.0427,0.000277,1.60E-06,0.112,0.87,88.604,174093,4
229,Green Day,Shenanigans,Desensitized,2002-07-02,0.431,0.912,0,-5.063,1,0.151,0.00123,6.11E-06,0.3,0.68,177.204,167427,4
230,Green Day,Shenanigans,You Lied,2002-07-02,0.365,0.854,8,-3.855,1,0.0756,0.0133,0,0.0564,0.665,125.887,145733,4
231,Green Day,Shenanigans,Outsider,2002-07-02,0.503,0.97,11,-3.362,0,0.0361,0.000185,0,0.352,0.869,95.115,136867,4
232,Green Day,Shenanigans,Don't Wanna Fall in Love,2002-07-02,0.414,0.98,8,-3.23,1,0.0885,0.00016,0.000409,0.0583,0.916,157.124,98467,4
233,Green Day,Shenanigans,Espionage,2002-07-02,0.384,0.97,9,-4.426,0,0.0403,8.69E-06,0.916,0.155,0.643,135.274,203333,4
234,Green Day,Shenanigans,I Want to Be on T.V.,2002-07-02,0.352,0.981,0,-4.405,1,0.0503,1.52E-05,0,0.091,0.474,112.219,76600,4
235,Green Day,Shenanigans,Scumbag,2002-07-02,0.4,0.989,6,-3.248,0,0.0669,0.000183,0,0.166,0.93,176.762,105573,4
236,Green Day,Shenanigans,Tired of Waiting for You,2002-07-02,0.62,0.866,11,-5.543,1,0.0318,0.00369,0.00868,0.346,0.745,122.014,152360,4
237,Green Day,Shenanigans,Sick of Me,2002-07-02,0.467,0.98,0,-3.645,1,0.0625,1.19E-05,0,0.315,0.789,90.123,127040,4
238,Green Day,Shenanigans,Rotting,2002-07-02,0.569,0.785,0,-4.166,1,0.0277,0.0228,0,0.106,0.722,116.131,171453,4
239,Green Day,Shenanigans,Do Da Da,2002-07-02,0.383,0.994,8,-3.688,1,0.0474,0.000142,2.47E-06,0.0414,0.884,160.639,90280,4
240,Green Day,Shenanigans,On the Wagon,2002-07-02,0.702,0.553,6,-7.358,1,0.0545,0.0853,0.00248,0.203,0.948,116.66,167560,4
241,Green Day,Shenanigans,Ha Ha You're Dead,2002-07-02,0.43,0.933,0,-4.645,1,0.0559,0.00284,0.00464,0.216,0.825,178.799,186840,4
242,Green Day,Warning,Warning,2000-10-03,0.728,0.92,2,-2.828,1,0.0294,0.0673,1.61E-05,0.199,0.892,120.989,221667,4
243,Green Day,Warning,"Blood, Sex and Booze",2000-10-03,0.708,0.692,1,-4.286,0,0.0341,0.0135,3.92E-05,0.0742,0.42,92.631,213240,4
244,Green Day,Warning,Church on Sunday,2000-10-03,0.486,0.981,9,-3.263,1,0.0868,0.0226,0,0.156,0.729,163.943,198467,4
245,Green Day,Warning,Fashion Victim,2000-10-03,0.309,0.987,11,-3.006,0,0.0733,0.000356,0,0.224,0.748,107.199,168560,3
246,Green Day,Warning,Castaway,2000-10-03,0.624,0.978,11,-2.553,1,0.038,0.00138,0,0.23,0.953,116.54,232533,4
247,Green Day,Warning,Misery,2000-10-03,0.703,0.729,10,-5.065,0,0.065,0.0346,0,0.0995,0.663,161.221,305907,4
248,Green Day,Warning,Deadbeat Holiday,2000-10-03,0.529,0.93,7,-4.904,1,0.0594,0.00238,0,0.0995,0.505,82.42,215293,4
249,Green Day,Warning,Hold On,2000-10-03,0.723,0.917,7,-2.388,1,0.0286,0.01,0,0.103,0.857,135.942,176800,4
250,Green Day,Warning,Jackass,2000-10-03,0.509,0.954,7,-2.903,1,0.0348,0.000312,0,0.0888,0.575,94.481,163040,4
251,Green Day,Warning,Waiting,2000-10-03,0.557,0.834,8,-4.371,1,0.0335,0.0219,0,0.329,0.659,137.69,192360,4
252,Green Day,Warning,Minority,2000-10-03,0.551,0.965,0,-2.772,1,0.0452,0.00576,0,0.171,0.708,137.841,168227,4
253,Green Day,Warning,Macy's Day Parade,2000-10-03,0.863,0.728,11,-4.693,1,0.0327,0.208,0,0.104,0.874,108.958,213107,4
254,Green Day,Nimrod,Nice Guys Finish Last,1997-10-14,0.494,0.993,1,-2.919,0,0.0705,3.27E-05,0.0241,0.173,0.777,93.972,168867,4
255,Green Day,Nimrod,Hitchin' a Ride,1997-10-14,0.424,0.919,9,-4.629,1,0.1,0.00306,0.00674,0.123,0.684,163.732,171467,4
256,Green Day,Nimrod,The Grouch,1997-10-14,0.41,0.994,9,-3.485,1,0.0815,0.00168,0.000157,0.308,0.597,169.755,132080,4
257,Green Day,Nimrod,Redundant,1997-10-14,0.482,0.946,9,-3.416,1,0.0353,8.77E-06,0.00172,0.0891,0.867,115.883,198093,4
258,Green Day,Nimrod,Scattered,1997-10-14,0.507,0.991,4,-3.98,1,0.0609,2.93E-05,0.00027,0.108,0.713,91.934,182507,4
259,Green Day,Nimrod,All the Time,1997-10-14,0.526,0.972,2,-4.093,1,0.044,0.000334,4.91E-05,0.207,0.946,154.63,130347,4
260,Green Day,Nimrod,Worry Rock,1997-10-14,0.355,0.972,4,-3.551,1,0.0599,0.000204,0,0.173,0.745,144.809,147000,4
261,Green Day,Nimrod,Platypus (I Hate You),1997-10-14,0.227,0.985,4,-4.451,0,0.0905,5.36E-06,2.57E-06,0.0621,0.606,172.726,141440,4
262,Green Day,Nimrod,Uptight,1997-10-14,0.553,0.979,11,-3.567,0,0.0864,0.00572,0.000433,0.162,0.55,82.491,184160,4
263,Green Day,Nimrod,Last Ride In,1997-10-14,0.413,0.527,4,-9.162,1,0.0301,0.0793,0.842,0.0931,0.492,124.071,227840,4
264,Green Day,Nimrod,Jinx,1997-10-14,0.448,0.969,7,-3.714,1,0.0372,2.56E-05,0.0015,0.2,0.963,95.79,132427,4
265,Green Day,Nimrod,Haushinka,1997-10-14,0.437,0.99,2,-3.704,1,0.0533,5.93E-06,0.0142,0.183,0.34,92.87,205440,4
266,Green Day,Nimrod,Walking Alone,1997-10-14,0.566,0.863,0,-3.415,1,0.0302,0.000307,0.00376,0.274,0.799,112.888,165013,4
267,Green Day,Nimrod,Reject,1997-10-14,0.382,0.988,11,-3.465,1,0.0604,5.79E-06,0.000153,0.281,0.793,96.843,125493,4
268,Green Day,Nimrod,Take Back,1997-10-14,0.336,0.997,6,-3.596,1,0.0914,4.29E-06,0.463,0.141,0.71,116.498,69333,4
269,Green Day,Nimrod,King for a Day,1997-10-14,0.419,0.983,1,-4.073,0,0.0389,0.000583,8.09E-05,0.163,0.946,147.584,193440,4
270,Green Day,Nimrod,Good Riddance (Time of Your Life),1997-10-14,0.475,0.432,7,-7.844,1,0.0302,0.183,0,0.161,0.648,94.605,153467,4
271,Green Day,Nimrod,Prosthetic Head,1997-10-14,0.408,0.915,4,-5.124,1,0.0451,0.00125,3.83E-05,0.0351,0.854,137.444,218053,4
272,Green Day,Unplugged 1996,Geek Stink Breath,1996-01-01,0.474,0.88,0,-7.478,1,0.0374,0.396,1.79E-06,0.573,0.741,134.964,148040,4
273,Green Day,Unplugged 1996,Hitching A Ride,1996-01-01,0.422,0.827,11,-9.697,0,0.0564,0.199,1.04E-05,0.848,0.522,161.993,229827,4
274,Green Day,Unplugged 1996,Warning,1996-01-01,0.659,0.919,11,-7.185,0,0.033,0.281,0,0.0714,0.961,126.787,214627,4
275,Green Day,Unplugged 1996,Longview,1996-01-01,0.43,0.852,4,-8.022,0,0.0408,0.137,1.71E-06,0.382,0.837,77.734,204040,4
276,Green Day,Unplugged 1996,She,1996-01-01,0.522,0.929,6,-7.395,1,0.0437,0.157,4.09E-06,0.977,0.763,92.576,145560,4
277,Green Day,Unplugged 1996,King For A Day,1996-01-01,0.348,0.968,6,-6.928,1,0.0987,0.167,0,0.876,0.418,168.707,200733,4
278,Green Day,Unplugged 1996,When I Come Around,1996-01-01,0.558,0.943,7,-6.557,1,0.0326,0.242,4.06E-06,0.672,0.637,91.353,188560,4
279,Green Day,Unplugged 1996,Scattered,1996-01-01,0.394,0.942,9,-7.536,1,0.0779,0.13,0,0.932,0.366,90.087,247880,4
280,Green Day,Unplugged 1996,Good Riddance (Time Of Your Life),1996-01-01,0.353,0.567,0,-10.809,1,0.0286,0.467,0,0.906,0.743,87.154,170240,4
281,Green Day,Unplugged 1996,Welcome To Paradise,1996-01-01,0.292,0.928,8,-11.462,1,0.063,0.00247,0.000822,0.172,0.413,92.798,240227,4
282,Green Day,Unplugged 1996,Church On Sunday,1996-01-01,0.229,0.729,9,-12.321,1,0.072,0.0956,0.000462,0.712,0.584,177.951,226507,4
283,Green Day,Unplugged 1996,2000 Light Years Away,1996-01-01,0.449,0.859,5,-11.851,0,0.0597,0.123,0.0015,0.205,0.509,93.436,233760,4
284,Green Day,Unplugged 1996,Basketcase,1996-01-01,0.33,0.812,3,-11.89,1,0.0482,0.124,0.00134,0.397,0.6,90.946,170747,3
285,Green Day,Insomniac,Armatage Shanks,1995-10-10,0.448,0.965,8,-4.834,1,0.0547,1.60E-05,0.0332,0.11,0.96,95.179,136600,4
286,Green Day,Insomniac,Brat,1995-10-10,0.323,0.988,11,-4.033,1,0.0607,0.000212,0,0.031,0.969,178.645,103333,4
287,Green Day,Insomniac,Stuck with Me,1995-10-10,0.306,0.982,3,-2.822,1,0.0828,2.78E-05,0.000386,0.0325,0.893,191.838,135400,4
288,Green Day,Insomniac,Geek Stink Breath,1995-10-10,0.51,0.996,11,-2.114,1,0.0431,5.11E-05,1.04E-05,0.104,0.791,131.268,135293,4
289,Green Day,Insomniac,No Pride,1995-10-10,0.382,0.974,0,-5.11,1,0.0496,5.44E-06,0.046,0.199,0.756,93.048,139827,4
290,Green Day,Insomniac,Bab's Uvula Who?,1995-10-10,0.494,0.932,8,-4.606,0,0.0542,0.000186,4.04E-05,0.0248,0.972,96.215,128200,4
291,Green Day,Insomniac,86,1995-10-10,0.189,0.964,3,-4.743,1,0.0864,1.27E-05,0.00328,0.0505,0.861,188.649,167800,4
292,Green Day,Insomniac,Panic Song,1995-10-10,0.183,0.929,10,-5.354,0,0.124,3.16E-05,0.0832,0.111,0.182,179.697,215440,4
293,Green Day,Insomniac,Stuart and the Ave.,1995-10-10,0.451,0.983,1,-3.172,1,0.0633,3.35E-05,0.000644,0.087,0.8,93.838,123467,4
294,Green Day,Insomniac,Brain Stew,1995-10-10,0.559,0.543,1,-5.429,1,0.302,0.00133,2.00E-05,0.0577,0.337,75.958,193000,4
295,Green Day,Insomniac,Jaded,1995-10-10,0.254,0.995,1,-3.068,1,0.0669,3.01E-05,4.14E-05,0.0392,0.843,159.336,90227,4
296,Green Day,Insomniac,Westbound Sign,1995-10-10,0.171,0.994,10,-4.121,1,0.0847,1.09E-05,0.000373,0.155,0.553,185.403,133267,4
297,Green Day,Insomniac,Tight Wad Hill,1995-10-10,0.159,0.964,1,-5.686,1,0.0479,1.14E-05,0.00148,0.0743,0.96,197.632,121027,4
298,Green Day,Insomniac,Walking Contradiction,1995-10-10,0.456,0.985,1,-2.597,1,0.0765,0.000473,0,0.0839,0.874,154.343,151173,4
299,Green Day,Insomniac,Armatage Shanks,1995-09-29,0.293,0.971,8,-4.178,1,0.0779,2.49E-05,0.106,0.104,0.964,190.169,136533,4
300,Green Day,Insomniac,Brat,1995-09-29,0.32,0.987,11,-3.759,1,0.0521,0.000272,0,0.0277,0.967,178.712,103280,4
301,Green Day,Insomniac,Stuck with Me,1995-09-29,0.29,0.979,3,-3.189,1,0.0714,0.000102,0.007,0.0395,0.897,191.811,135520,4
302,Green Day,Insomniac,Geek Stink Breath,1995-09-29,0.516,0.995,11,-2.429,1,0.0393,7.29E-05,1.89E-05,0.118,0.851,131.433,135800,4
303,Green Day,Insomniac,No Pride,1995-09-29,0.398,0.979,0,-4.493,1,0.0512,7.50E-06,0.279,0.0984,0.748,93.103,139747,4
304,Green Day,Insomniac,Bab's Uvula Who?,1995-09-29,0.51,0.941,11,-4.204,1,0.0548,0.0008,0.000254,0.0272,0.974,96.182,128147,4
305,Green Day,Insomniac,86,1995-09-29,0.197,0.967,3,-4.076,1,0.0862,1.72E-05,0.00482,0.0546,0.849,189.733,167640,4
306,Green Day,Insomniac,Panic Song,1995-09-29,0.222,0.944,10,-4.658,0,0.0828,5.45E-05,0.132,0.102,0.249,92.25,215333,4
307,Green Day,Insomniac,Stuart and the Ave.,1995-09-29,0.289,0.986,1,-2.831,1,0.0776,9.96E-05,0.00367,0.0819,0.87,187.38,123240,4
308,Green Day,Insomniac,Brain Stew,1995-09-29,0.588,0.64,1,-5.289,1,0.372,0.00197,6.37E-05,0.0564,0.25,75.96,192827,4
309,Green Day,Insomniac,Jaded,1995-09-29,0.26,0.995,1,-3.522,1,0.0744,7.44E-05,0.000178,0.057,0.755,159.325,90813,4
310,Green Day,Insomniac,Westbound Sign,1995-09-29,0.182,0.996,3,-3.6,1,0.0758,1.94E-05,0.00213,0.209,0.371,185.572,133200,4
311,Green Day,Insomniac,Tight Wad Hill,1995-09-29,0.387,0.973,1,-4.894,1,0.0382,3.98E-05,0.0011,0.055,0.957,99.089,121027,4
312,Green Day,Insomniac,Walking Contradiction,1995-09-29,0.471,0.976,1,-4.664,1,0.0604,0.00131,0,0.0743,0.825,154.429,150977,4
313,Green Day,Dookie,Burnout,1994-02-01,0.5,0.921,6,-5.261,1,0.0355,0.000165,0.00118,0.0959,0.891,90.861,127533,4
314,Green Day,Dookie,Having a Blast,1994-02-01,0.449,0.938,1,-6.36,1,0.0455,0.00181,0,0.353,0.825,89.695,164667,4
315,Green Day,Dookie,Chump,1994-02-01,0.221,0.887,10,-8.396,1,0.0537,0.00023,0.177,0.159,0.638,173.569,174040,4
316,Green Day,Dookie,Longview,1994-02-01,0.381,0.732,10,-7.594,0,0.0536,0.00834,0.0101,0.0854,0.814,142.504,233240,4
317,Green Day,Dookie,Welcome to Paradise,1994-02-01,0.37,0.96,3,-4.162,0,0.0378,0.000241,0.0116,0.0563,0.717,89.428,224133,4
318,Green Day,Dookie,Pulling Teeth,1994-02-01,0.531,0.872,3,-5.064,1,0.0492,0.00171,0.0863,0.109,0.877,128.211,150827,4
319,Green Day,Dookie,Basket Case,1994-02-01,0.442,0.943,3,-3.205,1,0.0602,0.00293,8.71E-06,0.091,0.781,85.064,181533,4
320,Green Day,Dookie,She,1994-02-01,0.37,0.937,1,-3.939,0,0.0356,7.37E-05,0.00817,0.0904,0.874,93.307,134293,4
321,Green Day,Dookie,Sassafras Roots,1994-02-01,0.172,0.97,8,-5.104,1,0.0409,5.03E-05,0.00479,0.257,0.881,182.451,157627,4
322,Green Day,Dookie,When I Come Around,1994-02-01,0.531,0.909,11,-4.236,1,0.034,0.0175,0,0.231,0.814,97.546,178000,4
323,Green Day,Dookie,Coming Clean,1994-02-01,0.338,0.992,10,-4.907,1,0.073,0.000138,0.000228,0.214,0.681,171.552,94893,4
324,Green Day,Dookie,Emenius Sleepus,1994-02-01,0.199,0.975,10,-5.609,1,0.0559,0.000109,0,0.23,0.758,177.442,103973,4
325,Green Day,Dookie,In the End,1994-02-01,0.323,0.951,1,-5.844,1,0.0442,5.75E-05,1.78E-06,0.233,0.772,139.54,106400,4
326,Green Day,Dookie,F.O.D.,1994-02-01,0.404,0.322,1,-10.904,1,0.0582,0.0341,2.31E-05,0.123,0.776,82.2,170760,4
327,Green Day,Dookie,All by Myself,1994-02-01,0.677,0.269,9,-16.898,1,0.0583,0.258,0.0823,0.139,0.557,117.009,100172,4
328,Green Day,Kerplunk!,2000 Light Years Away,1992-01-17,0.206,0.99,10,-3.565,1,0.13,0.00176,8.07E-05,0.335,0.666,187.433,144627,4
329,Green Day,Kerplunk!,One for the Razorbacks,1992-01-17,0.197,0.992,11,-3.595,1,0.193,0.0252,0.00162,0.411,0.706,196.245,150133,4
330,Green Day,Kerplunk!,Welcome to Paradise,1992-01-17,0.397,0.982,8,-3.752,1,0.0682,0.00587,0.00591,0.346,0.723,96.81,210480,4
331,Green Day,Kerplunk!,Christie Rd.,1992-01-17,0.361,0.959,6,-3.946,1,0.0726,0.0149,0.000125,0.0666,0.661,126.46,211747,4
332,Green Day,Kerplunk!,Private Ale,1992-01-17,0.222,0.99,1,-3.286,1,0.102,0.00526,0.000674,0.111,0.616,192.966,146293,4
333,Green Day,Kerplunk!,Dominated Love Slave,1992-01-17,0.484,0.914,3,-4.513,1,0.135,0.313,2.78E-05,0.134,0.798,130.464,101680,3
334,Green Day,Kerplunk!,One of My Lies,1992-01-17,0.212,0.977,1,-4.049,1,0.157,0.0264,2.22E-05,0.684,0.732,190.381,138200,4
335,Green Day,Kerplunk!,80,1992-01-17,0.174,0.984,6,-3.355,1,0.131,0.0323,0.000107,0.27,0.783,181.256,219645,4
336,Green Day,Kerplunk!,Android,1992-01-17,0.218,0.989,3,-4.553,1,0.214,0.00512,1.54E-05,0.088,0.464,199.711,180528,4
337,Green Day,Kerplunk!,No One Knows,1992-01-17,0.555,0.758,1,-5.944,1,0.0365,0.147,0.00328,0.0992,0.371,124.233,219800,4
338,Green Day,Kerplunk!,Who Wrote Holden Caulfield?,1992-01-17,0.443,0.969,8,-3.774,1,0.0945,0.0193,2.58E-05,0.1,0.625,103.524,162667,4
339,Green Day,Kerplunk!,Words I Might Have Ate,1992-01-17,0.586,0.835,9,-5.893,1,0.0971,0.2,3.45E-06,0.305,0.607,103.569,150440,4
340,Green Day,Kerplunk!,Sweet Children,1992-01-17,0.26,0.976,0,-2.51,0,0.173,0.0195,3.73E-06,0.113,0.375,106.192,100093,4
341,Green Day,Kerplunk!,Best Thing in Town,1992-01-17,0.271,0.994,10,-3.952,0,0.154,0.0228,0,0.0959,0.42,111.304,121987,4
342,Green Day,Kerplunk!,Strangeland,1992-01-17,0.367,0.971,8,-3.033,1,0.157,0.054,0,0.319,0.532,108.039,128147,4
343,Green Day,Kerplunk!,My Generation,1992-01-17,0.542,0.896,10,-4.599,0,0.185,0.0281,0,0.224,0.855,104.334,139747,4
344,Green Day,Kerplunk,Christie Road,1992-01-17,0.36,0.959,6,-3.959,1,0.0737,0.014,0.000122,0.0669,0.68,126.43,213427,4
345,Green Day,Kerplunk,One Of My Lies,1992-01-17,0.336,0.976,1,-4.06,1,0.113,0.0282,2.55E-05,0.592,0.777,94.925,139413,4
346,Green Day,Kerplunk,Best Thing In Town,1992-01-17,0.274,0.993,6,-3.887,1,0.177,0.0242,0,0.0877,0.44,111.551,123173,4
347,Green Day,"1,039 / Smoothed out Slappy Hours",At the Library,1991-07-01,0.242,0.946,7,-3.823,1,0.0721,0.00024,0.00812,0.189,0.817,92.511,147240,4
348,Green Day,"1,039 / Smoothed out Slappy Hours",Don't Leave Me,1991-07-01,0.404,0.965,9,-3.309,1,0.0583,5.80E-05,0.0295,0.275,0.729,100.7,156960,4
349,Green Day,"1,039 / Smoothed out Slappy Hours",I Was There,1991-07-01,0.174,0.974,5,-3.858,1,0.11,0.000434,0.000107,0.698,0.747,196.13,214693,4
350,Green Day,"1,039 / Smoothed out Slappy Hours",Disappearing Boy,1991-07-01,0.139,0.934,2,-4.391,1,0.0801,4.59E-05,0.00101,0.383,0.603,186.437,170360,4
351,Green Day,"1,039 / Smoothed out Slappy Hours",Green Day,1991-07-01,0.147,0.979,4,-3.418,1,0.0795,9.90E-06,0.824,0.0481,0.55,193.987,207667,4
352,Green Day,"1,039 / Smoothed out Slappy Hours",Going to Pasalacqua,1991-07-01,0.222,0.943,9,-3.23,1,0.0734,0.000603,0.0475,0.247,0.691,192.185,208613,4
353,Green Day,"1,039 / Smoothed out Slappy Hours",16,1991-07-01,0.462,0.961,9,-3.888,1,0.0505,0.000343,1.42E-05,0.0859,0.837,135.065,202547,4
354,Green Day,"1,039 / Smoothed out Slappy Hours",Road to Acceptance,1991-07-01,0.278,0.891,7,-4.739,1,0.0856,0.000308,0.000799,0.353,0.783,180.934,213080,4
355,Green Day,"1,039 / Smoothed out Slappy Hours",Rest,1991-07-01,0.332,0.474,0,-6.096,1,0.0285,0.000363,0,0.186,0.287,95.471,184147,3
356,Green Day,"1,039 / Smoothed out Slappy Hours",The Judge's Daughter,1991-07-01,0.316,0.91,0,-4.48,1,0.108,0.000217,1.62E-05,0.155,0.931,190.134,152933,4
357,Green Day,"1,039 / Smoothed out Slappy Hours",Paper Lanterns,1991-07-01,0.243,0.996,2,-2.811,1,0.174,0.000514,1.09E-05,0.0607,0.452,172.794,143160,4
358,Green Day,"1,039 / Smoothed out Slappy Hours",Why Do You Want Him?,1991-07-01,0.271,0.991,2,-3.374,1,0.117,9.13E-05,0,0.321,0.717,190.153,152627,4
359,Green Day,"1,039 / Smoothed out Slappy Hours",409 in Your Coffeemaker,1991-07-01,0.213,0.992,0,-2.232,1,0.119,0.00476,9.25E-05,0.336,0.616,178.665,171573,4
360,Green Day,"1,039 / Smoothed out Slappy Hours",Knowledge,1991-07-01,0.581,0.785,7,-4.761,1,0.0789,0.149,0,0.286,0.721,136.485,138933,4
361,Green Day,"1,039 / Smoothed out Slappy Hours","1,000 Hours",1991-07-01,0.141,0.966,6,-4.102,0,0.103,0.00207,0,0.335,0.646,179.954,145907,4
362,Green Day,"1,039 / Smoothed out Slappy Hours",Dry Ice,1991-07-01,0.232,0.993,8,-3.134,1,0.142,0.00247,0,0.0625,0.29,181.414,224827,4
363,Green Day,"1,039 / Smoothed out Slappy Hours",Only of You,1991-07-01,0.147,0.981,8,-4.201,0,0.162,0.000519,0.00055,0.314,0.404,188.187,164173,4
364,Green Day,"1,039 / Smoothed out Slappy Hours",The One I Want,1991-07-01,0.376,0.988,3,-3.667,1,0.0899,0.000125,2.45E-06,0.317,0.596,90.246,179827,4
365,Green Day,"1,039 / Smoothed out Slappy Hours",I Want to Be Alone,1991-07-01,0.184,0.987,7,-2.304,1,0.137,0.00338,0.000792,0.244,0.679,191.251,189240,4
366,Green Day,"1,039 / Smoothed out Slappy Hours","Paper Lanterns - Live at WMMR, 1991",1991-07-01,0.683,0.341,3,-12.278,0,0.11,0.971,0.00516,0.138,0.839,88.668,96000,4
367,Green Day,"1,039 / Smoothed out Slappy Hours","Words I Might Have Ate - Live from WMMR, 1991",1991-07-01,0.454,0.199,1,-18.494,1,0.121,0.962,0.051,0.112,0.611,171.978,104837,4
368,Green Day,"1,039 / Smoothed out Slappy Hours","One for the Razorbacks - Live at WMMR, Minneapolis, MN, 4/18/91",1991-07-01,0.709,0.313,6,-11.589,1,0.175,0.975,7.70E-05,0.213,0.7,92.194,84984,4
369,Green Day,"1,039 / Smoothed out Slappy Hours",Studio Banter - Interview,1991-07-01,0.672,0.0956,10,-27.541,0,0.907,0.84,0,0.437,0.589,84.542,176379,4
370,Green Day,1039/Smoothed Out Slappy Hours,The Judges Daughter,1991-07-01,0.315,0.906,0,-4.507,1,0.103,0.000236,1.31E-05,0.17,0.943,190.442,154427,4
371,Green Day,1039/Smoothed Out Slappy Hours,409 In Your Coffee Maker,1991-07-01,0.217,0.991,0,-2.231,1,0.14,0.00583,4.87E-05,0.501,0.603,178.62,173987,4
372,Green Day,1039/Smoothed Out Slappy Hours,1000 Hours,1991-07-01,0.191,0.967,6,-4.126,0,0.117,0.00247,0,0.328,0.589,180.155,145907,4