,year,semi_draw_position,final_draw_position,country,artist_name,song_name,language,style,gender,main_singers,key,BPM,energy,danceability,happiness,loudness,acousticness,instrumentalness,liveness,speechiness,qualified,final_televote_points,final_jury_points,final_televote_votes,final_jury_votes,final_place,final_total_points,semi_place,semi_total_points,backing_dancers,backing_singers,backing_instruments
0,2022,1,-,Albania,Ronela Hajati,Sekret,"Albanian,English",Pop,Female,1,F Minor,100,70,76,45,-6 dB,5,0,52,5,0,-,-,-,-,-,-,12,58,5,0,0
1,2022,2,-,Latvia,Citi Zeni,Eat Your Salad,English,Pop,Male,1,B Minor,115,69,75,59,-8 dB,1,0,34,17,0,-,-,-,-,-,-,14,55,0,0,4
2,2022,3,14,Lithuania,Monika Liu,Sentimentai,Lithuanian,Ballad,Female,1,C Major,93,56,68,50,-8 dB,9,0,31,3,1,93,35,21,10,14,128,7,159,0,0,0
3,2022,4,5,Switzerland,Marius Bear,Boys Do Cry,English,Ballad,Male,1,F Major,116,18,42,39,-11 dB,87,0,11,4,1,0,78,0,21,17,78,9,118,0,0,0
4,2022,5,-,Slovenia,LPS,Disko,Slovene,Pop,Male,1,E Minor,120,61,68,60,-6 dB,0,0,5,3,0,-,-,-,-,-,-,17,15,0,0,4
5,2022,6,12,Ukraine,Kalush Orchestra,Stefania,Ukrainian,Traditional,Male,1,D Major,105,82,83,32,-5 dB,14,0,12,4,1,439,192,39,26,1,631,1,337,1,2,2
6,2022,7,-,Bulgaria,Intelligent Music Project,Intention,English,Rock,Male,1,D Major,80,84,52,72,-8 dB,3,2,24,3,0,-,-,-,-,-,-,16,29,0,0,5
7,2022,8,11,Netherlands,S10,De diepte,Dutch,Ballad,Female,1,D Minor,87,48,32,15,-6 dB,39,0,14,3,1,42,129,12,25,11,171,2,221,0,0,0
8,2022,9,19,Moldova,Zdob si ZdubÂ andÂ Advahov Brothers,Trenuletul,"Romanian,English",Traditional,Male,1,C Major,142,88,70,96,-3 dB,41,0,32,14,1,239,14,35,4,7,253,8,154,0,0,5
9,2022,10,3,Portugal,Maro,"Saudade, saudade","English,Portuguese",Ballad,Female,6,Bb Minor,83,34,64,38,-11 dB,68,0,11,4,1,36,171,9,29,9,207,4,208,0,0,0
10,2022,11,-,Croatia,Mia Dimsic,Guilty Pleasure,"English,Croatian",Ballad,Female,1,F Major,84,59,53,51,-7 dB,12,0,14,6,0,-,-,-,-,-,-,11,75,3,0,0
11,2022,12,-,Denmark,Reddi,The Show,English,Rock,Female,1,C Major,90,80,31,21,-5 dB,2,0,37,6,0,-,-,-,-,-,-,13,55,0,0,3
12,2022,13,-,Austria,LumixÂ feat.Â Pia Maria,Halo,English,Dance,Female,1,Ab Major,150,91,57,69,-5 dB,0,0,53,4,0,-,-,-,-,-,-,15,42,0,0,0
13,2022,14,18,Iceland,Systur,Meo aekkandi sol,Icelandic,Traditional,Female,3,D Minor,100,52,58,35,-12 dB,58,4,7,3,1,10,10,2,4,23,20,10,103,0,0,1
14,2022,15,17,Greece,Amanda Georgiadi Tenfjord,Die Together,English,Ballad,Female,1,F Major,150,37,48,20,-8 dB,12,0,13,7,1,57,158,9,26,8,215,3,211,0,0,0
15,2022,16,7,Norway,Subwoolfer,Give That Wolf a Banana,English,Pop,Male,2,G Minor,124,53,74,55,-10 dB,20,0,9,4,1,146,36,32,10,10,182,6,177,4,0,0
16,2022,17,8,Armenia,Rosa Linn,Snap,English,Ballad,Female,1,C Major,170,64,56,53,-8 dB,11,0,45,6,1,21,40,4,10,20,61,5,187,0,0,0
17,2022,1,4,Finland,The Rasmus,Jezebel,English,Rock,Male,1,B Minor,116,87,50,49,-4 dB,0,0,8,4,1,26,12,8,3,21,38,7,162,0,0,3
18,2022,2,-,Israel,Michael Ben David,I.M,English,Pop,Male,1,Ab Minor,120,82,70,45,-7 dB,1,0,13,6,0,-,-,-,-,-,-,13,61,4,0,0
19,2022,3,24,Serbia,Konstrakta,In corpore sano,"Serbian,Â Latin",Traditional,Female,1,C Major,136,71,92,63,-7 dB,1,0,17,8,1,225,87,34,15,5,312,3,237,5,0,0
20,2022,4,15,Azerbaijan,Nadir Rustamli,Fade to Black,English,Ballad,Male,1,A Minor,79,30,34,30,-10 dB,19,0,14,6,1,3,103,1,19,16,106,10,96,1,0,0
21,2022,5,-,Georgia,Circus Mircus,Lock Me In,English,Rock,Male,1,D Major,107,76,79,84,-9 dB,0,0,30,4,0,-,-,-,-,-,-,18,22,0,0,3
22,2022,6,-,Malta,Emma Muscat,I Am What I Am,English,Pop,Female,1,G Major,98,71,56,38,-5 dB,4,0,9,3,0,-,-,-,-,-,-,16,47,4,0,0
23,2022,7,-,San Marino,Achille Lauro,Stripper,"Italian, English",Rock,Male,1,A Major,140,80,60,55,-6 dB,0,0,8,10,0,-,-,-,-,-,-,14,50,0,0,5
24,2022,8,21,Australia,Sheldon Riley,Not the Same,English,Ballad,Male,1,Bb Minor,128,43,36,38,-10 dB,66,0,14,4,1,2,123,1,23,15,125,2,243,0,0,0
25,2022,9,-,Cyprus,Andromache,Ela,"English,Greek",Pop,Female,1,Eb Minor,98,63,66,65,-7 dB,24,0,6,9,0,-,-,-,-,-,-,12,63,2,0,0
26,2022,10,-,Ireland,Brooke,That's Rich,English,Pop,Female,1,A Major,122,60,68,56,-4 dB,0,0,34,3,0,-,-,-,-,-,-,15,47,4,0,0
27,2022,11,-,North Macedonia,Andrea,Circles,English,Ballad,Female,1,Cs Minor,144,71,54,22,-5 dB,48,0,17,3,0,-,-,-,-,-,-,11,76,0,0,0
28,2022,12,25,Estonia,Stefan,Hope,English,Pop,Male,1,Bb Minor,123,78,52,55,-5 dB,19,0,10,4,1,98,43,19,8,13,141,5,209,0,0,0
29,2022,13,2,Romania,WRS,Llamame,"English,Â Spanish",Pop,Male,1,F Minor,120,76,76,66,-6 dB,6,0,15,13,1,53,12,12,3,18,65,9,118,4,0,0
30,2022,14,23,Poland,Ochman,River,English,Ballad,Male,1,Ab Major,140,67,51,33,-5 dB,56,0,12,4,1,105,46,22,9,12,151,6,198,4,0,0
31,2022,15,-,Montenegro,Vladana,Breathe,"English,Italian",Ballad,Female,1,G Minor,77,46,43,20,-7 dB,55,0,10,3,0,-,-,-,-,-,-,17,33,0,0,0
32,2022,16,16,Belgium,Jeremie Makiese,Miss You,English,Pop,Male,1,Fs Minor,144,53,63,28,-6 dB,24,0,13,5,1,5,59,2,13,19,64,8,151,4,0,0
33,2022,17,20,Sweden,Cornelia Jakobs,Hold Me Closer,English,Ballad,Female,1,Fs Major,97,62,49,17,-8 dB,11,0,14,4,1,180,258,33,33,4,438,1,396,0,0,0
34,2022,18,1,Czech Republic,We Are Domi,Lights Off,English,Dance,Female,1,A Minor,126,79,59,52,-6 dB,15,0,21,11,1,5,33,1,11,22,38,4,227,0,0,2
35,2022,-,9,Italy,MahmoodÂ andÂ Blanco,Brividi,Italian,Ballad,Male,2,G Major,123,61,52,34,-4 dB,45,0,25,3,-,110,158,23,26,6,268,-,-,0,0,1
36,2022,-,10,Spain,Chanel,SloMo,"Spanish,English",Pop,Female,1,Cs Minor,105,81,73,59,-3 dB,13,0,9,6,-,228,231,38,34,3,459,-,-,5,0,0
37,2022,-,13,Germany,Malik Harris,Rockstars,English,Ballad,Male,1,G Major,81,64,65,52,-6 dB,45,0,38,23,-,6,0,3,0,25,6,-,-,0,0,0
38,2022,-,22,United Kingdom,Sam Ryder,Space Man,English,Pop,Male,1,B Major,80,83,47,33,-2 dB,18,0,10,5,-,183,283,34,35,2,466,-,-,0,0,2
39,2022,-,6,France,AlvanÂ andÂ Ahez,Fulenn,Breton,Traditional,Mix,4,Fs Major,120,84,74,48,-7 dB,1,0,24,12,-,8,9,6,3,24,17,-,-,1,0,0
40,2021,1,18,Lithuania,The Roop,Discoteque,English,Dance,Male,1,F Major,115,80,83,63,-6 dB,5,0,13,6,1,165,55,27,12,8,220,4,203,2,2,2
41,2021,2,-,Slovenia,Ana Soklic,Amen,English,Ballad,Female,1,Ab Minor,81,40,45,21,-10 dB,48,0,15,5,0,-,-,-,-,-,-,13,44,0,0,0
42,2021,3,5,Russia,Manizha,Russian Woman,"Russian,English",Traditional,Female,1,E Minor,102,70,89,65,-7 dB,20,0,7,19,1,100,104,22,21,9,204,3,225,0,4,0
43,2021,4,25,Sweden,Tusse,Voices,English,Pop,Male,1,Bb Minor,90,76,50,40,-5 dB,0,0,13,4,1,63,46,18,10,14,109,7,142,4,0,0
44,2021,5,-,Australia,Montaigne,Technicolour,English,Pop,Female,1,A Minor,119,57,67,27,-6 dB,7,0,27,3,0,-,-,-,-,-,-,14,28,3,0,0
45,2021,6,-,North Macedonia,Vasil,Here I Stand,English,Ballad,Male,1,G Major,138,20,32,13,-11 dB,51,0,32,4,0,-,-,-,-,-,-,15,23,0,0,0
46,2021,7,-,Ireland,Lesley Roy,Maps,English,Pop,Female,1,G Major,143,83,54,55,-7 dB,2,0,36,4,0,-,-,-,-,-,-,16,20,0,0,0
47,2021,8,1,Cyprus,Elena Tsagrinou,El Diablo,English,Pop,Female,1,A Minor,114,66,66,62,-8 dB,0,0,84,13,1,44,50,7,11,16,94,6,170,4,0,0
48,2021,9,22,Norway,Tix,Fallen Angel,English,Pop,Male,1,Cs Major,93,65,54,28,-5 dB,7,0,11,3,1,60,15,16,5,18,75,10,115,4,0,0
49,2021,10,-,Croatia,Albina,Tick-Tock,"English,Â Croatian",Pop,Female,1,E Minor,126,76,77,76,-5 dB,5,0,34,4,0,-,-,-,-,-,-,11,110,4,0,0
50,2021,11,4,Belgium,Hooverphonic,The Wrong Place,English,Ballad,Female,1,F Major,80,73,49,25,-4 dB,5,0,16,4,1,3,71,2,17,19,74,9,117,0,1,3
51,2021,12,3,Israel,Eden Alene,Set Me Free,English,Pop,Female,1,Cs Minor,107,66,75,47,-7 dB,28,0,10,8,1,20,73,4,17,17,93,5,192,4,0,0
52,2021,13,-,Romania,Roxen,Amnesia,English,Ballad,Female,1,Bb Minor,120,69,58,25,-6 dB,13,0,16,14,0,-,-,-,-,-,-,12,85,5,0,0
53,2021,14,21,Azerbaijan,Efendi,Mata Hari,English,Pop,Female,1,E Minor,100,68,71,46,-6 dB,1,0,26,4,1,33,32,12,9,20,65,8,138,4,0,0
54,2021,15,19,Ukraine,Go_A,Shum,Ukrainian,Traditional,Female,1,E Major,118,74,53,50,-5 dB,5,0,11,6,1,267,97,38,19,5,364,2,267,2,0,3
55,2021,16,6,Malta,Destiny,Je me casse,English,Pop,Female,1,Ab Minor,112,87,76,78,-4 dB,15,0,28,11,1,47,208,15,35,7,255,1,325,4,0,0
56,2021,1,-,San Marino,Senhit,Adrenalina,English,Dance,Mix,2,Bb Minor,104,89,67,53,-6 dB,0,0,39,8,0,13,37,3,7,-,-,9,118,4,0,0
57,2021,2,-,Estonia,Uku Suviste,The Lucky One,English,Ballad,Male,1,Ab Minor,176,64,40,41,-9 dB,4,0,9,7,0,-,-,-,-,-,-,13,58,0,0,0
58,2021,3,-,Czech Republic,Benny Cristo,Omaga,English,Ballad,Male,1,Fs Major,122,87,72,89,-6 dB,11,0,34,3,0,-,-,-,-,-,-,15,23,4,0,0
59,2021,4,10,Greece,Stefania,Last Dance,English,Pop,Female,1,D Minor,147,91,53,39,-5 dB,2,0,7,4,1,79,91,11,15,10,170,6,184,4,0,0
60,2021,5,-,Austria,Vincent Bueno,Amen,English,Ballad,Male,1,Cs Major,80,38,44,8,-10 dB,1,0,8,4,0,-,-,-,-,-,-,12,66,0,0,0
61,2021,6,-,Poland,Rafal,The Ride,English,Pop,Male,1,B Minor,132,77,69,93,-7 dB,40,0,25,3,0,-,-,-,-,-,-,14,35,4,0,0
62,2021,7,14,Moldova,Natalia Gordienko,Sugar,English,Pop,Female,1,B Minor,120,76,69,51,-7 dB,0,1,13,5,1,62,53,11,6,13,115,7,179,4,0,0
63,2021,8,-,Iceland,Dadi og Gagnamagnio,10 Years,English,Pop,Male,1,D Minor,123,62,80,44,-7 dB,1,0,9,4,0,180,198,29,28,-,-,2,288,0,2,3
64,2021,9,8,Serbia,Hurricane,Loco Loco,Serbian,Pop,Female,3,C Major,105,92,65,60,-4 dB,17,0,16,12,1,82,20,12,3,15,102,8,124,0,0,0
65,2021,10,-,Georgia,Tornike Kipiani,You,English,Ballad,Male,1,C Major,134,37,50,12,-8 dB,24,4,19,2,0,-,-,-,-,-,-,16,16,0,0,0
66,2021,11,2,Albania,Anxhela Peristeri,Karma,Albanian,Ballad,Female,1,G Minor,150,63,52,19,-10 dB,0,0,13,4,1,35,22,5,4,21,57,10,112,0,0,0
67,2021,12,7,Portugal,The Black Mamba,Love Is on My Side,English,Traditional,Male,1,E Major,66,42,28,24,-7 dB,34,0,20,3,1,27,126,6,22,12,153,4,239,0,0,4
68,2021,13,17,Bulgaria,Victoria,Growing Up Is Getting Old,English,Ballad,Female,1,G Major,93,18,52,25,-8 dB,69,0,9,3,1,30,140,5,26,11,170,3,250,0,0,0
69,2021,14,16,Finland,Blind Channel,Dark Side,English,Rock,Male,2,G Major,98,96,57,44,-4 dB,0,0,27,11,1,218,83,37,19,6,301,5,234,0,1,3
70,2021,15,-,Latvia,Samanta Tina,The Moon Is Rising,English,Ballad,Female,1,Bb Minor,150,63,66,33,-8 dB,4,0,14,14,0,-,-,-,-,-,-,17,14,3,0,0
71,2021,16,11,Switzerland,Gjon's Tears,Tout l'univers,French,Ballad,Male,1,A Minor,123,37,52,19,-9 dB,83,0,15,3,1,165,267,34,34,3,432,1,291,0,0,0
72,2021,17,-,Denmark,Fyr og Flamme,Ove os pa hinanden,Danish,Pop,Male,2,C Major,124,87,68,96,-6 dB,1,0,34,3,0,-,-,-,-,-,-,11,89,0,3,0
73,2021,-,23,Netherlands,Jeangu Macrooy,Birth of a New Age,"English,Â Sranan Tongo",Ballad,Male,1,C Minor,95,72,72,54,-5 dB,48,0,23,6,-,0,11,0,5,11,23,-,-,1,2,0
74,2021,-,13,Spain,Blas Canto,Voy a quedarme,Spanish,Ballad,Male,1,Eb Major,76,72,52,36,-5 dB,21,0,8,5,-,0,6,0,2,24,6,-,-,0,0,0
75,2021,-,9,United Kingdom,James Newman,Embers,English,Pop,Male,1,Fs Major,126,82,68,72,-5 dB,0,0,11,6,-,0,0,0,0,26,0,-,-,0,0,4
76,2021,-,15,Germany,Jendrik,I Don't Feel Hate,English,Pop,Male,1,F Minor,114,84,83,75,-5 dB,19,0,3,21,-,0,3,0,2,25,3,-,-,1,0,3
77,2021,-,20,France,Barbara Pravi,Voila,French,Ballad,Female,1,D Minor,135,34,45,60,-9 dB,77,0,30,6,-,251,248,38,33,2,499,-,-,0,0,0
78,2021,-,24,Italy,Maneskin,Zitti e buoni,Italian,Rock,Male,1,E Minor,94,63,64,0,,0,42,7,-3 dB,-,318,206,38,28,1,524,-,-,0,0,3
79,2019,1,11,Cyprus,Tamta,Replay,English,Dance,Female,1,B Minor,102,68,71,50,5 dB,5,0,6,7,1,32,77,4,15,13,109,9,149,4,0,0
80,2019,2,-,Montenegro,D mol,Heaven,English,Pop,Mix,6,D Major,92,73,53,47,8 dB,21,0,31,5,0,-,-,-,-,-,-,16,46,0,0,0
81,2019,3,-,Finland,Darude feat. Sebastian Rejman,Look Away,English,Dance,Male,1,B Minor,126,89,50,48,4 dB,1,0,15,5,0,-,-,-,-,-,-,17,23,1,0,1
82,2019,4,-,Poland,Tulia,Fire of Love,"Polish, English",Traditional,Female,4,A Major,96,78,59,78,4 dB,2,21,64,3,0,-,-,-,-,-,-,11,120,0,0,0
83,2019,5,10,Slovenia,Zala Kralj & Gasper santl,Sebi,Slovene,Ballad,Mix,2,G Minor,108,65,78,74,7 dB,18,2,16,4,1,59,46,13,9,15,105,6,167,0,0,0
84,2019,6,3,Czech Republic,Lake Malawi,Friend of a Friend,English,Pop,Male,1,A Minor,106,74,70,41,5 dB,27,0,7,6,1,7,150,4,26,11,157,2,242,0,0,2
85,2019,7,-,Hungary,Joci Papai,Az en apam,Hungarian,Ballad,Male,1,Eb Minor,96,45,63,33,8 dB,55,0,10,4,0,-,-,-,-,-,-,12,97,0,0,0
86,2019,8,19,Belarus,ZENA,Like It,English,Dance,Female,1,G Minor,105,80,71,35,8 dB,29,0,20,5,1,13,18,2,5,24,31,10,122,2,2,0
87,2019,9,23,Serbia,Nevena Bozovic,Kruna,Serbian,Ballad,Female,1,Ab Minor,158,48,20,16,-6 dB,21,0,13,3,1,54,35,7,8,18,89,7,156,0,0,0
88,2019,10,-,Belgium,Eliot,Wake Up,English,Ballad,Male,1,G Minor,145,20,37,23,-12 dB,89,0,9,4,0,-,-,-,-,-,-,13,70,0,0,2
89,2019,11,-,Georgia,Oto Nemsadze,Keep on Going,Georgian,Traditional,Male,1,B Minor,120,70,32,30,-5 dB,49,0,26,4,0,-,-,-,-,-,-,14,62,0,5,0
90,2019,12,25,Australia,Kate Miller-Heidke,Zero Gravity,English,Opera,Female,1,Fs Major,132,54,46,26,-2 dB,57,0,41,4,1,131,153,30,24,9,284,1,261,2,0,0
91,2019,13,17,Iceland,Hatari,Hatrio mun sigra,Icelandic,Dance,Mix,2,E Minor,110,67,57,48,-10 dB,0,0,9,8,1,186,46,34,9,10,232,3,221,4,0,0
92,2019,14,18,Estonia,Victor Crone,Storm,English,Pop,Male,1,D Major,128,59,62,29,-5 dB,5,0,8,3,1,48,28,10,7,20,76,4,198,0,0,0
93,2019,15,-,Portugal,Conan Osiris,TelemOveis,Portuguese,Traditional,Male,1,G Major,123,37,71,24,-12 dB,62,3,8,5,0,-,-,-,-,-,-,15,51,1,0,0
94,2019,16,13,Greece,Katerine Duska,Better Love,English,Pop,Female,1,Ab Major,88,69,37,35,5 dB,1,0,9,6,1,24,50,3,8,21,74,5,185,2,3,0
95,2019,17,7,San Marino,Serhat,Say Na Na Na,English,Dance,Male,1,Db Minor,118,92,68,74,5 dB,0,0,36,8,1,65,12,11,3,19,77,8,150,0,5,0
96,2019,1,-,Armenia,Srbuk,Walking Out,English,Pop,Female,1,Db Major,130,57,43,17,8 dB,0,23,10,4,0,-,-,-,-,-,-,16,49,0,0,0
97,2019,2,-,Ireland,Sarah McTernan,22,English,Pop,Female,1,C Major,125,45,71,67,9 dB,12,0,65,5,0,-,-,-,-,-,-,18,16,2,0,0
98,2019,3,-,Moldova,Anna Odobescu,Stay,English,Ballad,Female,1,C Minor,156,62,42,24,5 dB,29,0,20,3,0,-,-,-,-,-,-,12,85,1,0,0
99,2019,4,24,Switzerland,Luca Hanni,She Got Me,English,Dance,Male,1,B Minor,97,75,66,48,6 dB,6,0,8,5,1,212,152,38,28,4,364,4,232,4,0,0
100,2019,5,-,Latvia,Carousel,That Night,English,Pop,Female,1,G Minor,93,46,74,67,15 dB,26,80,10,5,0,-,-,-,-,-,-,15,50,0,0,3
101,2019,6,-,Romania,Ester Peony,On a Sunday,English,Pop,Female,1,C Minor,72,49,35,33,6 dB,13,0,11,6,0,-,-,-,-,-,-,13,71,2,2,1
102,2019,7,6,Denmark,Leonora,Love Is Forever,"English,Â French",Pop,Female,1,Db Major,136,42,73,79,5 dB,58,0,7,3,1,51,69,13,16,12,120,10,94,2,2,0
103,2019,8,9,Sweden,John Lundvik,Too Late for Love,English,Ballad,Male,1,C Major,104,75,40,42,4 dB,20,0,7,7,1,93,241,17,32,5,334,3,238,0,4,0
104,2019,9,-,Austria,PAENDA,Limits,English,Ballad,Female,1,C Major,131,36,46,18,12 dB,81,0,11,6,0,-,-,-,-,-,-,17,21,0,0,0
105,2019,10,-,Croatia,Roko,The Dream,"English,Â Croatian",Ballad,Male,1,F Minor,114,60,61,24,10 dB,49,61,34,3,0,-,-,-,-,-,-,14,64,2,0,0
106,2019,11,1,Malta,Michela,Chameleon,English,Pop,Female,1,Bb Minor,98,70,71,85,4 dB,28,0,17,7,1,20,87,4,19,14,107,8,157,4,0,0
107,2019,12,-,Lithuania,Jurij Veklenko,Run with the Lions,English,Pop,Male,1,C Major,158,64,60,41,7 dB,1,39,8,5,0,-,-,-,-,-,-,11,93,0,0,0
108,2019,13,5,Russia,Sergey Lazarev,Scream,English,Ballad,Male,1,Bb Major,92,52,33,26,7 dB,9,0,8,4,1,244,126,30,24,3,370,6,217,0,0,0
109,2019,14,2,Albania,Jonida Maliqi,Ktheju tokes,Albanian,Traditional,Female,1,Db Major,117,70,57,58,6 dB,2,0,21,5,1,47,43,6,10,17,90,9,96,0,3,0
110,2019,15,15,Norway,KEiiNO,Spirit in the Sky,English,Dance,Mix,3,A Minor,122,75,61,36,6 dB,14,0,11,6,1,291,40,37,9,6,331,7,210,0,0,0
111,2019,16,12,Netherlands,Duncan Laurence,Arcade,English,Ballad,Male,1,A Minor,72,33,45,27,13 dB,82,0,14,4,1,261,237,40,32,1,498,1,280,0,0,0
112,2019,17,8,North Macedonia,Tamara Todevska,Proud,English,Ballad,Female,1,C Minor,92,42,36,28,6 dB,82,0,14,3,1,58,247,11,32,7,305,2,239,0,0,0
113,2019,18,20,Azerbaijan,Chingiz,Truth,English,Pop,Male,1,Ab Minor,101,62,63,73,7 dB,5,0,10,4,1,100,202,26,33,8,302,5,224,0,0,0
114,2019,-,4,Germany,S!sters,Sister,English,Ballad,Female,2,C Major,142,45,56,22,9 dB,39,0,7,4,-,0,24,0,5,25,24,-,-,0,0,0
115,2019,-,14,Israel,Kobi Marimi,Home,English,Ballad,Male,1,Ab Major,110,42,55,23,7 dB,70,0,14,4,-,35,0,7,0,23,35,-,-,0,5,0
116,2019,-,16,United Kingdom,Michael Rice,Bigger than Us,English,Ballad,Male,1,C Major,82,55,52,57,8 dB,1,0,9,3,-,3,8,1,5,26,11,-,-,0,5,0
117,2019,-,21,France,Bilal Hassani,Roi,"French, English",Pop,Male,1,Fs Minor,140,67,55,54,7 dB,21,0,12,4,-,38,67,12,18,16,105,-,-,2,0,0
118,2019,-,22,Italy,Mahmood,Soldi,Italian,Pop,Male,1,Eb Minor,95,59,73,35,10 dB,4,0,31,5,-,253,219,38,32,2,472,-,-,3,0,0
119,2019,-,26,Spain,Miki,La Venda,Spanish,Pop,Male,1,C Minor,148,81,62,80,5 dB,8,0,33,6,-,53,1,12,1,22,54,-,-,5,0,0
120,2018,1,-,Azerbaijan,Aisel,X My Heart,English,Pop,Female,1,Ab Major,120,77,52,27,10 dB,0,80,14,3,0,-,-,-,-,-,-,11,94,4,0,0
121,2018,2,-,Iceland,Ari Olafsson,Our Choice,English,Ballad,Male,1,B Major,130,49,48,7,10 dB,0,92,31,3,0,-,-,-,-,-,-,19,15,0,5,0
122,2018,3,12,Albania,Eugent Bushpepa,Mall,Albanian,Rock,Male,4,E Major,95,76,39,41,6 dB,0,79,12,3,1,58,126,8,20,11,184,8,162,0,2,3
123,2018,4,-,Belgium,Sennek,A Matter of Time,English,Pop,Female,1,C Minor,88,59,66,59,6 dB,12,0,20,3,0,-,-,-,-,-,-,12,91,0,0,0
124,2018,5,14,Czech Republic,Mikolas Josef,Lie to Me,English,Pop,Male,1,Fs Minor,106,70,83,64,6 dB,0,0,36,12,1,215,66,35,16,6,281,3,232,2,0,0
125,2018,6,4,Lithuania,Ieva Zasimauskaite,When We're Old,English,Ballad,Female,1,Bb Major,90,19,34,4,15 dB,87,85,16,4,1,91,90,11,17,12,181,9,119,0,0,0
126,2018,7,22,Israel,Netta,Toy,English,Pop,Female,1,Eb Minor,130,71,79,80,5 dB,7,0,24,7,1,317,212,39,34,1,529,1,283,3,0,0
127,2018,8,-,Belarus,Alekseev,Forever,English,Ballad,Male,1,A Minor,117,59,38,41,5 dB,60,0,20,4,0,-,-,-,-,-,-,16,65,1,0,0
128,2018,9,6,Estonia,Elina Nechayeva,La forza,Italian,Opera,Female,1,D Minor,94,60,23,26,8 dB,50,0,27,4,1,102,143,19,26,8,245,5,201,0,0,0
129,2018,10,18,Bulgaria,Equinox,Bones,English,Pop,Mix,5,Fs Minor,88,57,51,43,9 dB,2,39,11,4,1,66,100,15,18,14,166,7,177,0,0,0
130,2018,11,-,Macedonia,Eye Cue,Lost and Found,English,Pop,Female,1,Ab Major,120,76,75,56,3 dB,7,6,11,4,0,-,-,-,-,-,-,18,24,0,3,2
131,2018,12,-,Croatia,Franka,Crazy,English,Pop,Female,1,A Minor,98,41,67,37,8 dB,36,0,63,3,0,-,-,-,-,-,-,17,63,0,0,0
132,2018,13,5,Austria,Cesar Sampson,Nobody but You,English,Pop,Male,1,B Minor,85,51,50,43,6 dB,9,0,36,3,1,71,271,18,34,3,342,4,231,0,0,0
133,2018,14,-,Greece,Yianna Terzi,Oniro mou,Greek,Pop,Female,1,Db Minor,150,66,42,18,7 dB,2,0,12,4,0,-,-,-,-,-,-,14,81,0,0,0
134,2018,15,17,Finland,Saara Aalto,Monsters,English,Pop,Female,1,C Minor,122,73,58,27,4 dB,1,0,6,4,1,23,23,4,6,25,46,10,108,4,0,0
135,2018,16,-,Armenia,Sevak Khanagyan,Qami,Armenian,Pop,Male,1,D Minor,75,50,34,23,8 dB,18,0,27,4,0,-,-,-,-,-,-,15,79,0,0,0
136,2018,17,-,Switzerland,ZiBBZ,Stones,English,Pop,Female,1,A Minor,84,81,49,56,6 dB,4,0,18,5,0,-,-,-,-,-,-,13,86,0,0,1
137,2018,18,24,Ireland,Ryan O'Shaughnessy,Together,English,Traditional,Male,1,F Major,94,32,70,28,13 dB,73,0,12,4,1,62,74,14,19,16,136,6,179,2,0,1
138,2018,19,25,Cyprus,Eleni Foureira,Fuego,English,Pop,Female,1,B Minor,101,74,59,52,5 dB,6,0,58,10,1,253,183,42,27,2,436,2,262,4,0,0
139,2018,1,7,Norway,Alexander Rybak,That's How You Write a Song,English,Pop,Male,1,Bb Minor,104,61,74,96,10 dB,1,0,6,5,1,84,60,18,12,15,144,1,266,4,0,0
140,2018,2,-,Romania,The Humans,Goodbye,English,Pop,Female,1,E Major,101,46,47,10,9 dB,1,84,15,3,0,-,-,-,-,-,-,11,107,0,0,5
141,2018,3,10,Serbia,Sanja IlicÂ &Â Balkanika,Nova deca,Serbian,Traditional,Mix,2,B Minor,125,87,38,30,4 dB,8,0,30,11,1,75,38,9,6,19,113,9,117,1,2,1
142,2018,4,-,San Marino,JessikaÂ feat.Â Jenifer Brening,Who We Are,English,Pop,Female,1,Ab Minor,127,75,67,61,6 dB,5,0,16,4,0,-,-,-,-,-,-,17,28,2,1,0
143,2018,5,15,Denmark,Rasmussen,Higher Ground,English,Traditional,Male,1,B Minor,82,85,47,42,5 dB,2,0,13,4,1,188,38,32,8,9,226,5,204,4,0,0
144,2018,6,-,Russia,Julia Samoylova,I Won't Break,English,Pop,Female,1,Ab Minor,91,80,52,11,9 dB,0,81,11,3,0,-,-,-,-,-,-,15,65,2,3,0
145,2018,7,19,Moldova,DoReDoS,My Lucky Day,English,Pop,Mix,3,B Minor,122,87,74,82,5 dB,1,0,32,7,1,115,94,23,13,10,209,3,235,3,0,0
146,2018,8,23,Netherlands,Waylon,Outlaw in 'Em,English,Rock,Male,1,B Minor,87,88,58,73,6 dB,6,0,34,5,1,32,89,7,18,18,121,7,174,0,0,4
147,2018,9,16,Australia,Jessica Mauboy,We Got Love,English,Pop,Female,1,G Major,114,82,61,30,4 dB,0,0,23,7,1,9,90,3,17,20,99,4,212,0,0,0
148,2018,10,-,Georgia,Ethno-Jazz Band Iriao,For You,Georgian,Pop,Male,3,A Minor,121,56,27,21,6 dB,55,0,21,4,0,-,-,-,-,-,-,18,24,0,0,2
149,2018,11,-,Poland,GromeeÂ feat.Â Lukas Meijer,Light Me Up,English,Dance,Male,1,Bb Major,123,74,55,46,6 dB,11,0,14,5,0,-,-,-,-,-,-,14,81,1,3,1
150,2018,12,-,Malta,Christabelle,Taboo,English,Pop,Female,1,G Major,122,62,64,15,6 dB,20,0,63,4,0,-,-,0,0,-,-,13,101,1,0,0
151,2018,13,21,Hungary,AWS,Viszlat nyar,Hungarian,Rock,Male,1,Eb Minor,164,94,33,34,3 dB,0,0,19,6,1,65,28,15,7,21,93,10,111,0,0,4
152,2018,14,-,Latvia,Laura Rizzotto,Funny Girl,English,Pop,Female,1,C Major,118,52,69,10,6 dB,40,0,13,5,0,-,-,-,-,-,-,12,106,0,0,0
153,2018,15,20,Sweden,Benjamin Ingrosso,Dance You Off,English,Pop,Male,1,Ab Major,109,69,73,76,5 dB,10,0,11,7,1,21,253,7,35,7,274,2,254,0,0,0
154,2018,16,-,Montenegro,Vanja Radovanovic,Inje,Montenegrin,Rock,Male,1,Fs Minor,79,45,49,34,6 dB,39,0,55,3,0,-,-,-,-,-,-,16,40,4,0,1
155,2018,17,3,Slovenia,Lea Sirk,"Hvala, ne!",Slovene,Pop,Female,1,Db Major,140,60,81,36,8 dB,1,0,10,5,1,23,41,4,12,22,64,8,132,4,0,0
156,2018,18,1,Ukraine,Melovin,Under the Ladder,English,Dance,Male,1,Bb Minor,140,74,53,33,8 dB,0,92,10,3,1,119,11,18,2,17,130,6,179,0,4,0
157,2018,-,8,Portugal,Claudia Pascoal,O jardim,Portuguese,Pop,Female,1,Bb Major,120,31,50,10,10 dB,84,0,28,4,-,18,21,2,5,26,39,-,-,0,1,0
158,2018,-,9,United Kingdom,SuRie,Storm,English,Pop,Female,1,Bb Major,116,72,65,38,7 dB,2,0,22,4,-,25,23,7,6,24,48,-,-,0,0,0
159,2018,-,11,Germany,Michael Schulte,You Let Me Walk Alone,English,Pop,Male,1,B Major,75,28,45,42,10 dB,78,0,10,3,-,136,204,29,30,4,340,-,-,0,0,0
160,2018,-,13,France,Madame Monsieur,Mercy,French,Pop,Female,1,E Minor,97,54,65,17,7 dB,7,0,58,5,-,59,114,13,21,13,173,-,-,0,0,1
161,2018,-,26,Italy,Ermal MetaÂ &Â Fabrizio Moro,Non mi avete fatto niente,Italian,Pop,Male,2,Fs Major,90,88,57,76,5 dB,34,0,16,5,-,249,59,35,11,5,308,-,-,0,0,0
162,2018,-,2,Spain,AmaiaÂ &Â Alfred,Tu canciOn,Spanish,Pop,Mix,2,C Major,120,31,48,26,8 dB,87,0,10,3,-,18,43,3,10,23,61,-,-,0,0,0
163,2017,1,24,Sweden,Robin Bengtsson,I Can't Go On,English,Pop,Male,1,E Minor,109,67,74,46,5 dB,3,0,14,5,1,126,218,35,33,5,344,3,227,4,0,0
164,2017,2,-,Georgia,Tamara Gachechiladze,Keep the Faith,English,Pop,Female,1,G Minor,132,67,27,19,6 dB,15,0,10,6,0,-,-,-,-,-,-,11,99,0,0,0
165,2017,3,14,Australia,Isaiah,Don't Come Easy,English,Pop,Male,1,B Minor,79,63,33,55,4 dB,26,0,27,5,1,2,171,1,29,9,173,6,160,0,0,0
166,2017,4,-,Albania,Lindita,World,English,Pop,Female,1,C Major,85,77,42,30,5 dB,14,0,29,4,0,-,-,-,-,-,-,14,76,0,4,0
167,2017,5,23,Belgium,Blanche,City Lights,English,Pop,Female,1,C Minor,130,45,61,15,9 dB,24,0,21,3,1,255,108,40,21,4,363,4,165,0,0,0
168,2017,6,-,Montenegro,Slavko Kalezic,Space,English,Pop,Male,1,A Minor,120,94,58,54,4 dB,1,0,11,9,0,-,-,-,-,-,-,16,56,0,0,0
169,2017,7,-,Finland,Norma John,Blackbird,English,Ballad,Female,1,D Major,81,33,28,12,11 dB,85,8,14,3,0,-,-,-,-,-,-,12,92,0,0,1
170,2017,8,12,Azerbaijan,Dihaj,Skeletons,English,Pop,Female,1,Fs Minor,91,65,47,30,7 dB,4,0,10,4,1,42,78,6,14,14,120,8,150,1,4,0
171,2017,9,11,Portugal,Salvador Sobral,Amar pelos dois,Portuguese,Ballad,Male,1,F Major,88,10,21,17,18 dB,85,0,26,3,1,376,382,41,39,1,758,1,370,0,0,0
172,2017,10,15,Greece,Demy,This Is Love,English,Pop,Female,1,A Minor,128,68,54,22,8 dB,0,0,11,3,1,29,48,6,7,19,77,10,115,2,0,0
173,2017,11,2,Poland,Kasia Mos,Flashlight,English,Pop,Female,1,D Major,120,68,44,19,6 dB,6,0,37,5,1,41,23,11,7,22,64,9,119,0,0,1
174,2017,12,7,Moldova,Sunstroke Project,"Hey, Mamma!",English,Dance,Male,1,Bb Minor,110,81,83,64,6 dB,24,1,7,11,1,264,110,38,19,3,374,2,291,0,3,2
175,2017,13,-,Iceland,Svala,Paper,English,Pop,Female,1,-,-,-,-,-,-,-,-,-,-,0,-,-,-,-,-,-,15,60,0,0,0
176,2017,14,-,Czech Republic,Martina Barta,My Turn,English,Pop,Female,1,G Major,86,42,36,16,6 dB,44,0,31,4,0,-,-,-,-,-,-,13,83,0,0,0
177,2017,15,19,Cyprus,Hovig,Gravity,English,Pop,Male,1,Bb Minor,75,73,59,72,7 dB,4,0,11,9,1,32,36,6,7,21,68,5,164,2,0,0
178,2017,16,5,Armenia,Artsvik,Fly with Me,English,Pop,Female,1,E Minor,90,80,58,33,5 dB,79,6,8,15,1,21,58,5,16,18,79,7,152,2,0,0
179,2017,17,-,Slovenia,Omar Naber,On My Way,English,Ballad,Male,1,D Major,67,55,42,14,6 dB,30,0,52,4,0,-,-,-,-,-,-,17,36,0,0,0
180,2017,18,-,Latvia,Triana Park,Line,English,Pop,Female,1,Ab Minor,126,64,71,36,7 dB,1,0,19,4,0,-,-,-,-,-,-,18,21,0,0,3
181,2017,1,-,Serbia,Tijana Bogicevic,In Too Deep,English,Pop,Female,1,-,-,-,-,-,-,-,-,-,-,0,-,-,-,-,-,-,11,98,1,0,0
182,2017,2,4,Austria,Nathan Trent,Running on Air,English,Pop,Male,1,A Major,90,54,71,54,5 dB,11,0,23,3,1,0,93,0,24,16,93,7,147,0,4,0
183,2017,3,-,Macedonia,Jana Burceska,Dance Alone,English,Pop,Female,1,-,-,-,-,-,-,-,-,-,-,0,-,-,-,-,-,-,15,69,0,0,0
184,2017,4,-,Malta,Claudia Faniello,Breathlessly,English,Ballad,Female,1,Db Major,76,48,52,19,6 dB,66,0,9,3,0,-,-,-,-,-,-,16,55,0,0,0
185,2017,5,20,Romania,IlincaÂ ft.Â Alex Florea,Yodel It!,English,Pop,Mix,2,Bb Major,174,91,45,77,5 dB,1,0,12,15,1,224,58,38,11,7,282,6,174,0,1,0
186,2017,6,6,Netherlands,O'G3NE,Lights and Shadows,English,Pop,Female,3,Fs Major,128,73,41,51,5 dB,22,0,14,8,1,15,135,5,25,11,150,4,200,0,0,0
187,2017,7,8,Hungary,Joci Papai,Origo,Hungarian,Traditional,Male,1,A Minor,108,73,55,45,6 dB,58,0,48,22,1,152,48,33,10,8,200,2,231,1,0,0
188,2017,8,10,Denmark,Anja,Where I Am,English,Pop,Female,1,Bb Minor,91,75,40,65,5 dB,4,0,49,13,1,8,69,1,14,20,77,10,101,0,0,0
189,2017,9,-,Ireland,Brendan Murray,Dying to Try,English,Ballad,Male,1,F Minor,164,48,44,19,7 dB,63,0,11,3,0,-,-,-,-,-,-,13,86,0,0,0
190,2017,10,-,San Marino,Valentina MonettaÂ andÂ Jimmie Wilson,Spirit of the Night,English,Pop,Mix,2,G Minor,140,94,71,57,4 dB,8,0,12,1,0,-,-,-,-,-,-,18,1,3,0,0
191,2017,11,13,Croatia,Jacques Houdek,My Friend,"English,Â Italian",Opera,Male,1,C Major,138,65,42,30,6 dB,21,0,17,5,1,103,25,21,6,13,128,8,141,0,3,2
192,2017,12,17,Norway,JOWST,Grab the Moment,English,Pop,Male,1,E Minor,104,61,69,32,7 dB,12,0,9,9,1,29,129,8,24,10,158,5,189,0,0,3
193,2017,13,-,Switzerland,Timebelle,Apollo,English,Pop,Female,1,Bb Major,87,56,61,28,6 dB,11,0,11,9,0,-,-,-,-,-,-,12,97,0,0,2
194,2017,14,3,Belarus,Naviband,Story of My Life,Belarusian,Pop,Mix,2,E Major,155,97,46,43,4 dB,2,0,40,8,1,33,50,9,11,17,83,9,110,0,0,0
195,2017,15,25,Bulgaria,Kristian Kostov,Beautiful Mess,English,Pop,Male,1,C Minor,126,51,41,21,8 dB,42,0,11,4,1,337,278,41,38,2,615,1,403,0,0,0
196,2017,16,-,Lithuania,Fusedmarc,Rain of Revolution,English,Pop,Female,1,Db Major,101,79,66,30,5 dB,4,0,12,6,0,-,-,-,-,-,-,17,42,0,4,1
197,2017,17,-,Estonia,Koit ToomeÂ andÂ Laura,Verona,English,Pop,Mix,2,D Minor,111,82,61,29,4 dB,1,0,35,3,0,-,-,-,-,-,-,14,85,0,0,0
198,2017,18,1,Israel,IMRI,I Feel Alive,English,Pop,Male,1,C Minor,128,92,69,43,3 dB,2,2,5,5,1,5,34,3,8,23,39,3,207,5,0,0
199,2017,-,9,Italy,Francesco Gabbani,Occidentali's Karma,Italian,Pop,Male,1,Bb Major,114,83,67,58,4 dB,4,0,11,8,-,208,126,36,20,6,334,-,-,1,4,0
200,2017,-,16,Spain,Manel Navarro,Do It for Your Lover,"Spanish, English",Pop,Male,1,G Major,170,77,66,88,4 dB,1,0,11,5,-,5,0,1,0,26,5,-,-,0,0,3
201,2017,-,18,United Kingdom,Lucie Jones,Never Give Up on You,English,Ballad,Female,1,F Major,128,37,41,25,8 dB,40,0,32,4,-,12,99,4,21,15,111,-,-,0,0,0
202,2017,-,21,Germany,Levina,Perfect Life,English,Pop,Female,1,Eb Major,124,70,81,52,6 dB,38,0,13,5,-,3,3,1,1,25,6,-,-,0,0,0
203,2017,-,22,Ukraine,O.Torvald,Time,English,Rock,Male,1,Db Minor,102,90,57,31,5 dB,0,0,12,8,-,24,12,6,3,24,36,-,-,0,1,4
204,2017,-,26,France,Alma,Requiem,"French, English",Pop,Female,1,-,-,-,-,-,-,-,-,-,-,-,90,45,24,12,12,135,-,-,0,0,0
205,2016,1,-,Finland,Sandhja,Sing It Away,English,Pop,Female,1,G Minor,126,90,65,58,5 dB,0,3,15,8,0,-,-,-,-,-,-,15,51,0,5,0
206,2016,2,-,Greece,Argo,Utopian Land,"English,Â Greek",Pop,Mix,4,-,-,-,-,-,-,-,-,-,-,0,-,-,-,-,-,-,16,44,0,0,2
207,2016,3,-,Moldova,Lidia Isac,Falling Stars,English,Pop,Female,1,Ab Major,126,82,63,30,7 dB,5,0,2,4,0,-,-,-,-,-,-,17,33,1,0,0
208,2016,4,5,Hungary,Freddie,Pioneer,English,Pop,Male,1,C Minor,72,59,51,28,8 dB,0,96,11,3,1,56,52,16,12,19,108,4,197,0,3,1
209,2016,5,17,Croatia,Nina Kraljic,Lighthouse,English,Pop,Female,1,Bb Minor,116,54,60,36,5 dB,23,0,21,4,1,33,40,5,11,23,73,10,133,0,4,0
210,2016,6,3,Netherlands,Douwe Bob,Slow Down,English,Pop,Male,1,B Minor,124,79,60,62,5 dB,5,0,6,3,1,39,114,8,22,11,153,5,197,0,0,5
211,2016,7,26,Armenia,Iveta Mukuchyan,LoveWave,English,Pop,Female,1,F Minor,120,72,53,31,8 dB,8,0,11,5,1,134,115,21,21,7,249,2,243,0,0,0
212,2016,8,-,San Marino,Serhat,I Didn't Know,English,Pop,Male,1,Fs Minor,123,70,68,54,7 dB,3,0,13,5,0,-,-,-,-,-,-,12,68,0,5,0
213,2016,9,18,Russia,Sergey Lazarev,You Are the Only One,English,Pop,Male,1,B Minor,128,89,63,28,5 dB,4,0,9,6,1,361,130,41,20,3,491,1,342,0,0,0
214,2016,10,2,Czech Republic,Gabriela Guncikova,I Stand,English,Pop,Female,1,G Minor,103,59,17,17,6 dB,0,0,31,4,1,0,41,0,11,25,41,9,161,0,0,0
215,2016,11,14,Cyprus,Minus One,Alter Ego,English,Rock,Male,1,Bb Minor,130,91,48,59,4 dB,1,0,10,5,1,53,43,11,10,21,96,8,164,0,0,4
216,2016,12,24,Austria,Zoe,Loin d'ici,French,Pop,Female,1,-,-,-,-,-,-,-,-,-,-,1,120,31,27,7,13,151,7,170,0,0,0
217,2016,13,-,Estonia,Juri Pootsmann,Play,English,Pop,Male,1,-,-,-,-,-,-,-,-,-,-,0,-,-,-,-,-,-,18,24,0,0,0
218,2016,14,4,Azerbaijan,Samra,Miracle,English,Pop,Female,1,F Minor,96,76,58,34,3 dB,5,0,14,4,1,73,44,13,11,17,117,6,185,0,4,0
219,2016,15,-,Montenegro,Highway,The Real Thing,English,Pop,Male,1,-,-,-,-,-,-,-,-,-,-,0,-,-,-,-,-,-,13,60,1,1,2
220,2016,16,-,Iceland,Greta SalOme,Hear Them Calling,English,Pop,Female,1,D Minor,134,54,54,29,11 dB,4,0,25,8,0,-,-,-,-,-,-,14,51,0,0,0
221,2016,17,-,Bosnia and Herzegovina,DalalÂ &Â DeenÂ feat.Â Ana RucnerÂ andÂ Jala,Ljubav je,Bosnian,Pop,Mix,3,Eb Major,84,73,30,48,6 dB,34,0,9,12,0,-,-,-,-,-,-,11,104,0,0,1
222,2016,18,22,Malta,Ira Losco,Walk on Water,English,Pop,Female,1,Eb Minor,124,81,38,18,5 dB,0,0,13,5,1,16,137,3,23,12,153,3,209,1,0,0
223,2016,1,20,Latvia,Justs,Heartbeat,English,Pop,Male,1,Db Major,115,55,68,52,7 dB,3,0,9,7,1,63,69,13,14,15,132,8,132,0,0,0
224,2016,2,12,Poland,Michal Szpak,Color of Your Life,English,Pop,Male,1,A Minor,83,67,49,25,5 dB,9,0,8,3,1,222,7,35,4,8,229,6,151,0,0,4
225,2016,3,-,Switzerland,Rykka,The Last of Our Kind,English,Pop,Female,1,Db Minor,81,67,57,45,5 dB,16,0,43,4,0,-,-,-,-,-,-,18,28,0,0,0
226,2016,4,7,Israel,Hovi Star,Made of Stars,English,Ballad,Male,1,G Minor,70,41,43,36,7 dB,62,0,12,3,1,11,124,3,25,14,135,7,147,2,0,0
227,2016,5,-,Belarus,Ivan,Help You Fly,English,Pop,Male,1,D Minor,93,76,49,29,6 dB,0,0,15,3,0,-,-,-,-,-,-,12,84,0,0,0
228,2016,6,15,Serbia,Sanja Vucic ZAA,Goodbye (Shelter),English,Pop,Female,1,-,-,-,-,-,-,-,-,-,-,1,80,35,8,7,18,115,10,105,1,4,0
229,2016,7,-,Ireland,Nicky Byrne,Sunlight,English,Pop,Male,1,G Minor,125,9,62,48,6 dB,4,0,26,3,0,-,-,-,-,-,-,15,46,0,0,3
230,2016,8,-,Macedonia,Kaliopi,Dona,Macedonian,Ballad,Female,1,G Major,132,51,52,17,7 dB,17,0,11,5,0,-,-,-,-,-,-,11,88,0,4,1
231,2016,9,16,Lithuania,Donny Montell,I've Been Waiting for This Night,English,Ballad,Male,1,A Major,134,77,48,61,6 dB,0,0,31,4,1,96,104,17,22,9,200,4,222,0,0,0
232,2016,10,13,Australia,Dami Im,Sound of Silence,English,Pop,Female,1,E Minor,136,82,52,32,4 dB,34,0,10,7,1,191,320,37,38,2,511,1,330,0,0,0
233,2016,11,-,Slovenia,ManuElla,Blue and Red,English,Pop,Female,1,G Major,145,81,51,22,3 dB,9,0,35,4,0,-,-,-,-,-,-,14,57,1,0,0
234,2016,12,8,Bulgaria,Poli Genova,If Love Was a Crime,"English,Â Bulgarian",Dance,Female,1,C Major,110,83,61,52,5 dB,2,0,22,3,1,180,127,34,23,4,307,5,220,0,0,0
235,2016,13,-,Denmark,Lighthouse X,Soldiers of Love,English,Pop,Male,3,Ab Major,127,70,65,39,7 dB,2,0,6,5,0,-,-,-,-,-,-,17,34,0,0,0
236,2016,14,21,Ukraine,Jamala,1944,"English,Â Crimean Tatar",Pop,Female,1,Eb Major,120,51,81,47,5 dB,60,1,24,6,1,323,211,40,24,1,534,2,287,0,0,0
237,2016,15,-,Norway,Agnete,Icebreaker,English,Dance,Female,1,Fs Minor,125,72,43,18,6 dB,1,0,11,4,0,-,-,-,-,-,-,13,63,1,0,0
238,2016,16,23,Georgia,Nika Kocharov & Young Georgian Lolitaz,Midnight Gold,English,Rock,Male,1,-,-,-,-,-,-,-,-,-,-,1,24,80,6,12,20,104,9,123,0,0,3
239,2016,17,-,Albania,Eneda Tarifa,Fairytale,English,Pop,Female,1,-,-,-,-,-,-,-,-,-,-,0,-,-,-,-,-,-,16,45,0,3,0
240,2016,18,1,Belgium,Laura Tesoro,What's the Pressure,English,Pop,Female,1,B Major,117,81,75,76,3 dB,2,0,7,10,1,51,130,9,20,10,181,3,274,0,4,0
241,2016,-,6,Italy,Francesca Michielin,No Degree of Separation,"Italian, English",Pop,Female,1,C Major,150,78,29,34,4 dB,2,0,17,4,-,34,90,8,14,16,124,-,-,0,0,0
242,2016,-,9,Sweden,Frans,If I Were Sorry,English,Pop,Male,1,A Minor,120,85,73,12,5 dB,16,1,10,5,-,139,122,29,17,5,261,-,-,0,0,0
243,2016,-,10,Germany,Jamie-Lee,Ghost,English,Pop,Female,1,Bb Minor,170,60,47,21,7 dB,33,0,7,4,-,10,1,2,1,26,11,-,-,0,0,0
244,2016,-,11,France,Amir,J'ai cherche,"French, English",Pop,Male,1,-,-,-,-,-,-,-,-,-,-,-,109,148,26,26,6,257,-,-,0,0,0
245,2016,-,19,Spain,Barei,Say Yay!,English,Pop,Female,1,F Minor,125,79,63,53,6 dB,2,0,10,3,-,10,67,5,15,22,77,-,-,0,4,0
246,2016,-,25,United Kingdom,Joe and Jake,You're Not Alone,English,Pop,Male,2,E Major,128,87,53,34,5 dB,0,0,17,5,-,8,54,3,10,24,62,-,-,0,0,2
247,2015,1,-,Moldova,Eduard Romanyuta,I Want Your Love,English,Pop,Male,1,Ab Major,103,81,44,87,5 dB,3,0,15,4,0,-,-,-,-,-,-,11,41,3,2,0
248,2015,2,6,Armenia,Genealogy,Face the Shadow,English,Pop,Mix,6,-,-,-,-,-,-,-,-,-,-,1,15,77,11,4,16,92,7,77,0,0,0
249,2015,3,13,Belgium,Loic Nottet,Rhythm Inside,English,Pop,Male,1,G Major,90,51,82,31,5 dB,8,0,7,4,1,186,190,37,31,4,376,2,149,0,5,0
250,2015,4,-,Netherlands,Trijntje Oosterhuis,Walk Along,English,Pop,Female,1,-,-,-,-,-,-,-,-,-,-,0,-,-,-,-,-,-,14,33,0,4,0
251,2015,5,-,Finland,Pertti Kurikan Nimipaivat,Aina mun pitaa,Finnish,Rock,Male,1,C Major,97,85,39,80,6 dB,0,0,36,5,0,-,-,-,-,-,-,16,13,0,0,3
252,2015,6,15,Greece,Maria Elena Kyriakou,One Last Breath,English,Ballad,Female,1,D Minor,69,60,22,31,7 dB,18,0,41,4,1,29,24,4,5,19,53,6,81,0,0,1
253,2015,7,4,Estonia,Elina BornÂ &Â Stig Rasta,Goodbye to Yesterday,English,Pop,Mix,2,G Minor,138,83,63,70,5 dB,38,0,39,5,1,53,144,32,16,7,197,3,105,0,0,0
254,2015,8,-,Macedonia,Daniel Kajmakoski,Autumn Leaves,English,Pop,Male,1,C Major,120,64,60,40,8 dB,63,0,9,3,0,-,-,-,-,-,-,15,28,0,3,0
255,2015,9,8,Serbia,Bojana Stamenov,Beauty Never Lies,English,Pop,Female,1,-,-,-,-,-,-,-,-,-,-,1,12,86,16,4,10,98,9,63,0,4,0
256,2015,10,22,Hungary,Boggie,Wars for Nothing,English,Pop,Female,1,D Major,97,15,45,22,12 dB,83,0,16,3,1,29,17,4,8,20,46,8,67,0,4,0
257,2015,11,-,Belarus,UzariÂ &Â Maimuna,Time,English,Pop,Male,1,G Minor,130,84,56,51,4 dB,10,0,27,4,0,-,-,-,-,-,-,12,39,0,0,1
258,2015,12,25,Russia,Polina Gagarina,A Million Voices,English,Pop,Female,1,G Major,76,66,43,32,4 dB,18,0,17,3,1,234,286,38,32,2,520,1,182,0,2,3
259,2015,13,-,Denmark,Anti Social Media,The Way You Are,English,Pop,Male,1,C Major,125,78,58,84,2 dB,9,0,24,3,0,-,-,-,-,-,-,13,33,0,2,3
260,2015,14,26,Albania,Elhaida Dani,I'm Alive,English,Pop,Female,1,-,-,-,-,-,-,-,-,-,-,1,4,93,12,2,17,97,10,62,0,3,0
261,2015,15,20,Romania,Voltaj,De la capat,"Romanian, English",Pop,Male,1,E Major,98,56,57,16,6 dB,49,0,13,3,1,21,69,12,4,15,90,5,89,0,0,4
262,2015,16,23,Georgia,Nina Sublatti,Warrior,English,Pop,Female,1,F Minor,141,91,46,39,4 dB,1,0,22,10,1,62,51,12,13,11,113,4,98,0,0,0
263,2015,1,7,Lithuania,Monika LinkyteÂ &Â Vaidas Baumila,This Time,English,Pop,Mix,2,Ab Major,131,87,56,32,6 dB,0,0,11,6,1,31,44,6,9,18,75,7,67,0,4,0
264,2015,2,-,Ireland,Molly Sterling,Playing with Numbers,English,Ballad,Female,1,C Major,79,49,56,24,6 dB,27,0,30,3,0,-,-,-,-,-,-,12,35,0,2,3
265,2015,3,-,San Marino,Anita SimonciniÂ &Â Michele Perniola,Chain of Lights,English,Pop,Mix,2,-,-,-,-,-,-,-,-,-,-,0,-,-,-,-,-,-,16,11,0,4,0
266,2015,4,16,Montenegro,Knez,Adio,Montenegrin,Traditional,Male,1,Fs Minor,95,56,34,29,8 dB,63,0,6,3,1,44,34,5,9,13,78,9,57,0,5,0
267,2015,5,-,Malta,Amber,Warrior,English,Ballad,Female,1,-,-,-,-,-,-,-,-,-,-,0,-,-,-,-,-,-,11,43,0,0,0
268,2015,6,9,Norway,MorlandÂ &Â Debrah Scarlett,A Monster Like Me,English,Ballad,Mix,2,Db Minor,147,31,31,17,8 dB,46,0,10,3,1,163,37,10,24,8,200,4,123,0,0,0
269,2015,7,-,Portugal,Leonor Andrade,Ha um mar que nos separa,Portuguese,Ballad,Female,1,-,-,-,-,-,-,-,-,-,-,0,-,-,-,-,-,-,14,19,0,4,0
270,2015,8,-,Czech Republic,Marta JandovaÂ &Â Vaclav Noid Barta,Hope Never Dies,English,Ballad,Mix,2,-,-,-,-,-,-,-,-,-,-,0,-,-,-,-,-,-,13,33,0,0,0
271,2015,9,3,Israel,Nadav Guedj,Golden Boy,English,Pop,Male,1,Db Minor,115,83,72,70,5 dB,18,0,7,6,1,77,102,31,17,9,179,3,151,3,2,0
272,2015,10,19,Latvia,Aminata,Love Injected,English,Pop,Female,1,G Minor,144,29,45,16,10 dB,12,2,12,5,1,249,88,22,35,6,337,2,155,0,3,0
273,2015,11,24,Azerbaijan,Elnur Huseynov,Hour of the Wolf,English,Ballad,Male,1,D Major,106,67,48,19,5 dB,6,0,31,4,1,40,48,8,8,12,88,10,53,2,0,0
274,2015,12,-,Iceland,Maria Olafs,Unbroken,English,Pop,Female,1,Ab Major,97,61,27,46,7 dB,10,0,30,5,0,-,-,-,-,-,-,15,14,0,5,0
275,2015,13,10,Sweden,Mans Zelmerlow,Heroes,English,Pop,Male,1,G Major,124,79,48,37,4 dB,7,0,5,4,1,353,272,38,37,1,625,1,217,0,0,0
276,2015,14,-,Switzerland,Melanie Rene,Time to Shine,English,Pop,Female,1,E Minor,140,67,60,45,7 dB,1,0,14,4,0,-,-,-,-,-,-,17,4,0,0,4
277,2015,15,11,Cyprus,John Karayiannis,One Thing I Should Have Done,English,Ballad,Male,1,Eb Major,90,38,35,46,8 dB,55,0,37,3,1,63,8,1,15,22,71,6,87,0,0,0
278,2015,16,1,Slovenia,Maraaya,Here for You,English,Pop,Female,1,E Minor,158,76,29,54,5 dB,1,0,38,17,1,36,27,6,10,14,63,5,92,1,0,1
279,2015,17,18,Poland,Monika Kuszynska,In the Name of Love,English,Ballad,Female,1,Db Major,82,64,34,13,7 dB,15,0,18,4,1,2,47,10,1,23,49,8,57,0,3,1
280,2015,-,2,France,Lisa Angell,N'oubliez pas,French,Ballad,Female,1,A Minor,126,51,54,21,6 dB,75,0,10,3,-,24,3,1,8,25,27,-,-,0,0,4
281,2015,-,5,United Kingdom,Electro Velvet,Still in Love with You,English,Pop,Mix,2,C Major,117,81,75,74,4 dB,3,0,8,6,-,12,4,2,6,24,16,-,-,0,4,0
282,2015,-,14,Austria,The Makemakes,I Am Yours,English,Ballad,Male,1,Db Major,83,50,52,25,6 dB,31,0,10,3,-,40,0,0,12,26,40,-,-,0,0,2
283,2015,-,17,Germany,Ann Sophie,Black Smoke,English,Pop,Female,1,Db Major,172,86,61,81,4 dB,0,0,15,9,-,24,5,2,7,27,29,-,-,0,4,0
284,2015,-,21,Spain,Edurne,Amanecer,Spanish,Ballad,Female,1,Eb Minor,127,70,45,11,4 dB,14,0,10,3,-,6,26,8,3,21,32,-,-,1,0,0
285,2015,-,27,Italy,Il Volo,Grande amore,Italian,Ballad,Male,3,Db Major,142,60,46,15,6 dB,6,0,15,3,-,171,356,38,27,3,527,-,-,0,0,0
286,2014,1,7,Armenia,Aram MP3,Not Alone,English,Ballad,Male,1,C Minor,70,63,45,20,7 dB,28,95,20,3,1,113,187,26,19,4,300,4,121,0,0,0
287,2014,2,-,Latvia,Aarzemnieki,Cake to Bake,English,Pop,Male,2,Fs Major,99,69,59,81,7 dB,63,0,13,7,0,-,-,-,-,-,-,13,33,0,0,2
288,2014,3,-,Estonia,Tanja,Amazing,English,Dance,Female,1,F Minor,128,63,64,14,7 dB,1,43,12,4,0,-,-,-,-,-,-,12,36,1,0,0
289,2014,4,13,Sweden,Sanna Nielsen,Undo,English,Ballad,Female,1,Fs Major,122,49,58,26,4 dB,40,0,8,4,1,199,173,32,25,3,372,2,131,0,0,0
290,2014,5,4,Iceland,Pollaponk,No Prejudice,English,Rock,Male,3,G Major,108,93,71,76,5 dB,11,0,26,9,1,59,38,9,9,15,97,8,61,0,2,1
291,2014,6,-,Albania,Hersi,One Night's Anger,English,Ballad,Female,1,-,-,-,-,-,-,-,-,-,-,0,-,-,-,-,-,-,15,22,0,2,2
292,2014,7,15,Russia,Tolmachevy Sisters,Shine,English,Pop,Female,2,E Minor,120,87,63,71,5 dB,22,0,10,3,1,62,132,18,11,7,194,6,63,0,0,0
293,2014,8,3,Azerbaijan,Dilara Kazimova,Start a Fire,English,Ballad,Female,1,B Minor,85,32,30,31,7 dB,83,0,18,3,1,101,14,3,22,22,115,9,57,1,0,0
294,2014,9,1,Ukraine,Mariya Yaremchuk,Tick-Tock,English,Pop,Female,1,Fs Minor,125,90,70,73,4 dB,1,0,6,4,1,72,112,19,14,6,184,5,118,1,0,0
295,2014,10,-,Belgium,Axel Hirsoux,Mother,English,Ballad,Male,1,E Minor,87,33,31,25,8 dB,86,0,10,3,0,-,-,-,-,-,-,14,28,1,0,0
296,2014,11,-,Moldova,Cristina Scarlat,Wild Soul,English,Ballad,Female,1,-,-,-,-,-,-,-,-,-,-,0,-,-,-,-,-,-,16,13,4,0,0
297,2014,12,25,San Marino,Valentina Monetta,Maybe,English,Ballad,Female,2,-,-,-,-,-,-,-,-,-,-,1,16,15,7,3,24,31,10,40,0,0,1
298,2014,13,-,Portugal,Suzy,Quero ser tua,Portuguese,Pop,Female,1,-,-,-,-,-,-,-,-,-,-,0,-,-,-,-,-,-,11,39,2,2,1
299,2014,14,24,Netherlands,The Common Linnets,Calm After the Storm,English,Traditional,Mix,2,Fs Major,116,37,71,43,11 dB,52,23,11,3,1,-,-,-,-,2,0,1,150,0,0,3
300,2014,15,8,Montenegro,Sergej cetkovic,Moj svijet,Montenegrin,Ballad,Male,1,C Minor,53,58,19,23,5 dB,32,0,11,4,1,48,27,3,9,19,75,7,63,1,3,0
301,2014,16,21,Hungary,Andras Kallay-Saunders,Running,English,Pop,Male,1,-,-,-,-,-,-,-,-,-,-,1,138,83,21,21,5,221,3,127,2,0,0
302,2014,1,22,Malta,Firelight,Coming Home,English,Traditional,Mix,2,-,-,-,-,-,-,-,-,-,-,1,119,12,4,22,23,131,9,63,0,0,4
303,2014,2,-,Israel,Mei Finegold,Same Heart,"English,Â Hebrew",Pop,Female,1,-,-,-,-,-,-,-,-,-,-,0,-,-,-,-,-,-,14,19,2,0,0
304,2014,3,5,Norway,Carl Espen,Silent Storm,English,Ballad,Male,1,A Major,75,20,35,24,11 dB,86,0,10,4,1,102,39,13,18,8,141,6,77,0,0,1
305,2014,4,-,Georgia,The ShinÂ andÂ Mariko,Three Minutes to Earth,English,Traditional,Mix,2,-,-,-,-,-,-,-,-,-,-,0,-,-,-,-,-,-,15,15,1,0,1
306,2014,5,9,Poland,DonatanÂ &Â Cleo,My Slowianie Â We Are Slavic,"Polish, English",Traditional,Female,1,G Major,156,85,68,68,5 dB,26,0,38,10,1,23,162,23,6,14,185,8,70,5,0,0
307,2014,6,11,Austria,Conchita Wurst,Rise Like a Phoenix,English,Ballad,Male,1,D Minor,82,45,43,21,9 dB,8,0,13,3,1,214,306,34,26,1,520,1,169,0,0,0
308,2014,7,-,Lithuania,Vilija,Attention,English,Pop,Female,1,-,-,-,-,-,-,-,-,-,-,0,-,-,-,-,-,-,11,36,1,3,0
309,2014,8,18,Finland,Softengine,Something Better,English,Rock,Male,1,C Major,146,88,56,37,6 dB,0,0,25,6,1,114,36,7,19,11,150,3,97,0,0,4
310,2014,9,-,Ireland,Can-LinnÂ feat.Â Kasey Smith,Heartbeat,English,Pop,Female,1,C Major,120,84,68,74,4 dB,29,0,19,3,0,-,-,-,-,-,-,12,35,2,2,1
311,2014,10,2,Belarus,Teo,Cheesecake,English,Pop,Male,1,Db Minor,95,80,80,89,4 dB,18,0,7,7,1,50,56,10,9,16,106,5,87,0,4,0
312,2014,11,-,Macedonia,Tijana,To the Sky,English,Pop,Female,1,Db Minor,128,88,55,74,5 dB,0,0,10,5,0,-,-,-,-,-,-,13,33,1,3,0
313,2014,12,20,Switzerland,Sebalter,Hunter of Stars,English,Pop,Male,1,E Minor,88,89,57,92,4 dB,14,0,10,7,1,26,114,29,5,13,140,4,92,0,0,5
314,2014,13,10,Greece,Freaky FortuneÂ feat.Â RiskyKidd,Rise Up,English,Dance,Male,2,C Minor,128,82,67,65,6 dB,4,0,39,6,1,45,41,11,11,20,86,7,74,0,0,1
315,2014,14,17,Slovenia,Tinkara Kovac,Round and Round,"English,Â Slovene",Pop,Female,1,Ab Major,120,63,54,25,6 dB,2,0,22,3,1,21,15,2,7,25,36,10,52,0,3,0
316,2014,15,6,Romania,Paula SelingÂ &Â Ovi,Miracle,English,Dance,Mix,2,A Major,135,87,55,35,4 dB,2,0,18,4,1,51,103,16,9,12,154,2,125,0,0,0
317,2014,-,12,Germany,Elaiza,Is It Right,English,Traditional,Female,1,-,-,-,-,-,-,-,-,-,-,-,56,27,6,12,18,83,-,-,0,0,2
318,2014,-,14,France,TWIN TWIN,Moustache,French,Dance,Male,1,Eb Minor,128,89,66,79,5 dB,0,0,9,4,-,5,1,1,2,26,6,-,-,2,1,2
319,2014,-,16,Italy,Emma,La mia citta,Italian,Rock,Female,1,-,-,-,-,-,-,-,-,-,-,-,37,22,4,5,21,59,-,-,0,0,4
320,2014,-,19,Spain,Ruth Lorenzo,Dancing in the Rain,"English,Â Spanish",Ballad,Female,1,C Major,130,67,60,42,7 dB,68,0,10,4,-,83,29,7,21,10,112,-,-,0,0,0
321,2014,-,23,Denmark,Basim,Cliche Love Song,English,Pop,Male,1,Ab Major,112,84,78,71,4 dB,5,0,5,6,-,85,42,12,16,9,127,-,-,2,3,0
322,2014,-,26,United Kingdom,Molly,Children of the Universe,English,Pop,Female,1,-,-,-,-,-,-,-,-,-,-,-,49,24,5,12,17,73,-,-,0,4,1
323,2013,1,-,Austria,Natalia Kelly,Shine,English,Pop,Female,1,B Minor,122,92,62,62,5 dB,0,0,7,7,0,-,-,-,-,-,-,14,27,0,5,0
324,2013,2,7,Estonia,Birgit,Et uus saaks alguse,Estonian,Ballad,Female,1,F Major,78,59,47,32,5 dB,77,0,7,3,1,-,-,-,-,20,0,10,52,0,3,0
325,2013,3,-,Slovenia,Hannah,Straight Into Love,English,Dance,Female,1,D Major,128,80,55,11,5 dB,0,0,8,5,0,-,-,-,-,-,-,16,8,3,0,0
326,2013,4,-,Croatia,Klapa s Mora,Mizerja,Croatian,Traditional,Male,6,Fs Major,100,52,29,29,8 dB,29,0,16,4,0,-,-,-,-,-,-,13,38,0,0,0
327,2013,5,18,Denmark,Emmelie de Forest,Only Teardrops,English,Pop,Female,1,C Major,128,86,62,23,10 dB,0,89,36,3,1,-,-,-,-,1,0,1,167,0,3,2
328,2013,6,10,Russia,Dina Garipova,What If,English,Ballad,Female,1,-,-,-,-,-,-,-,-,-,-,1,-,-,-,-,5,0,2,156,0,4,0
329,2013,7,22,Ukraine,Zlata Ognevich,Gravity,English,Pop,Female,1,C Major,176,78,32,46,4 dB,52,0,29,8,1,-,-,-,-,3,0,3,140,1,4,0
330,2013,8,13,Netherlands,Anouk,Birds,English,Ballad,Female,1,B Major,85,41,17,9,8 dB,61,0,11,3,1,-,-,-,-,9,0,6,75,0,3,0
331,2013,9,-,Montenegro,Who See,Igranka,Montenegrin,Dance,Mix,3,-,-,-,-,-,-,-,-,-,-,0,-,-,-,-,-,-,12,41,0,0,0
332,2013,10,2,Lithuania,Andrius Pojavis,Something,English,Dance,Male,1,F Major,130,74,53,52,5 dB,3,0,10,3,1,-,-,-,-,22,0,9,53,0,4,0
333,2013,11,8,Belarus,Alyona Lanskaya,Solayoh,English,Dance,Female,1,B Minor,95,91,81,60,5 dB,2,0,28,5,1,-,-,-,-,16,0,7,64,2,3,0
334,2013,12,3,Moldova,Aliona Moon,O mie,Romanian,Ballad,Female,1,D Minor,128,72,62,31,3 dB,56,0,18,3,1,-,-,-,-,11,0,4,95,3,0,1
335,2013,13,26,Ireland,Ryan Dolan,Only Love Survives,English,Pop,Male,1,C Minor,128,83,54,35,5 dB,0,0,19,7,1,-,-,-,-,26,0,8,54,0,2,3
336,2013,14,-,Cyprus,Despina Olympiou,An me thimasai,Greek,Ballad,Female,1,D Minor,105,72,63,54,7 dB,34,0,12,3,0,-,-,-,-,-,-,15,11,0,0,0
337,2013,15,6,Belgium,Roberto Bellarosa,Love Kills,English,Pop,Male,1,Fs Major,132,68,46,35,7 dB,1,0,17,3,1,-,-,-,-,12,0,5,75,2,3,0
338,2013,16,-,Serbia,Moje 3,Ljubav je svuda,Serbian,Dance,Female,3,-,-,-,-,-,-,-,-,-,-,0,-,-,-,-,-,-,11,46,0,3,0
339,2013,1,-,Latvia,PeR,Here We Go,English,Dance,Male,2,-,-,-,-,-,-,-,-,-,-,0,-,-,-,-,-,-,17,13,0,0,2
340,2013,2,-,San Marino,Valentina Monetta,Crisalide (Vola),Italian,Ballad,Female,1,Eb Minor,152,83,35,60,5 dB,45,0,15,7,0,-,-,-,-,-,-,11,47,2,0,0
341,2013,3,-,Macedonia,EsmaÂ &Â Lozano,Pred da se razdeni,"Macedonian,Â Romani",Traditional,Mix,2,Bb Major,125,91,56,28,4 dB,0,0,33,4,0,-,-,-,-,-,-,16,28,0,2,0
342,2013,4,20,Azerbaijan,Farid Mammadov,Hold Me,English,Ballad,Male,1,Bb Minor,90,78,51,36,4 dB,1,0,18,3,1,-,-,-,-,2,0,1,139,2,0,0
343,2013,5,4,Finland,Krista Siegfrids,Marry Me,English,Pop,Female,1,Fs Minor,145,74,80,84,8 dB,0,0,7,14,1,-,-,-,-,24,0,9,64,3,2,0
344,2013,6,9,Malta,Gianluca,Tomorrow,English,Pop,Male,1,A Major,100,64,72,83,7 dB,73,0,9,3,1,-,-,-,-,8,0,4,118,0,3,0
345,2013,7,-,Bulgaria,Elitsa Todorova & Stoyan Yankoulov,Samo shampioni,Bulgarian,Traditional,Mix,2,A Minor,130,93,64,74,5 dB,1,0,9,9,0,-,-,-,-,-,-,12,45,0,3,0
346,2013,8,19,Iceland,Eythor Ingi,Eg a lif,Icelandic,Traditional,Male,1,A Major,75,34,49,39,9 dB,50,0,12,3,1,-,-,-,-,17,0,6,72,0,0,0
347,2013,9,21,Greece,Koza MostraÂ feat.Â Agathon Iakovidis,Alcohol Is Free,Greek,Traditional,Male,4,D Minor,172,94,57,73,4 dB,1,0,3,4,1,-,-,-,-,6,0,2,121,0,0,2
348,2013,10,-,Israel,Moran Mazor,Rak Bishvilo,Hebrew,Ballad,Female,1,Bb Minor,105,79,60,32,4 dB,47,0,52,5,0,-,-,-,-,-,-,14,40,0,2,1
349,2013,11,12,Armenia,Dorians,Lonely Planet,English,Rock,Male,1,-,-,-,-,-,-,-,-,-,-,1,-,-,-,-,18,0,7,69,0,0,4
350,2013,12,17,Hungary,ByeAlex,Kedvesem (Zoohacker Remix),Hungarian,Pop,Male,1,C Major,82,21,66,44,10 dB,77,0,11,4,1,-,-,-,-,10,0,8,66,0,1,1
351,2013,13,24,Norway,Margaret Berger,I Feed You My Love,English,Dance,Female,1,B Minor,96,95,34,40,4 dB,0,0,24,42,1,-,-,-,-,4,0,3,120,0,3,1
352,2013,14,-,Albania,Adrian LulgjurajÂ &Â Bledar Sejko,Identitet,Albanian,Rock,Male,2,-,-,-,-,-,-,-,-,-,-,0,-,-,-,-,-,-,15,31,0,0,3
353,2013,15,25,Georgia,Nodi TatishviliÂ &Â Sophie Gelovani,Waterfall,English,Ballad,Mix,2,F Major,138,32,34,19,9 dB,69,0,17,3,1,-,-,-,-,15,0,10,63,0,3,0
354,2013,16,-,Switzerland,Takasa,You and Me,English,Pop,Mix,2,Ab Minor,134,76,58,69,8 dB,0,88,5,4,0,-,-,-,-,-,-,13,41,0,0,4
355,2013,17,14,Romania,Cezar,It's My Life,English,Dance,Male,1,B Minor,135,91,50,54,5 dB,20,0,13,9,1,-,-,-,-,13,0,5,83,3,0,0
356,2013,-,1,France,Amandine Bourgeois,L'enfer et moi,French,Rock,Female,1,Db Minor,90,62,55,34,5 dB,1,0,33,3,-,-,-,-,-,23,0,-,-,0,3,0
357,2013,-,5,Spain,ESDM,Contigo hasta el final,Spanish,Rock,Female,1,-,-,-,-,-,-,-,-,-,-,-,-,-,-,-,25,0,-,-,0,0,5
358,2013,-,11,Germany,Cascada,Glorious,English,Dance,Female,1,-,-,-,-,-,-,-,-,-,-,-,-,-,-,-,21,0,-,-,2,0,0
359,2013,-,15,United Kingdom,Bonnie Tyler,Believe in Me,English,Rock,Female,1,Ab Major,129,64,60,21,6 dB,33,0,9,3,-,-,-,-,-,19,0,-,-,0,0,5
360,2013,-,16,Sweden,Robin Stjernberg,You,English,Dance,Male,1,-,-,-,-,-,-,-,-,-,-,-,-,-,-,-,14,0,-,-,3,2,0
361,2013,-,23,Italy,Marco Mengoni,L'essenziale,Italian,Ballad,Male,1,Fs Major,126,63,56,15,4 dB,20,0,11,4,-,-,-,-,-,7,0,-,-,0,0,0
362,2012,1,-,Montenegro,Rambo Amadeus,Euro Neuro,English,Traditional,Male,1,-,-,-,-,-,-,-,-,-,-,0,-,-,-,-,-,-,15,20,0,3,2
363,2012,2,7,Iceland,Greta SalomeÂ andÂ Jonsi,Never Forget,English,Ballad,Mix,2,C Minor,101,73,34,48,4 dB,14,0,5,3,1,39,53,-,-,20,92,8,75,0,4,0
364,2012,3,16,Greece,Eleftheria Eleftheriou,Aphrodisiac,English,Dance,Female,1,B Minor,110,86,63,87,5 dB,0,0,30,3,1,89,60,-,-,17,149,4,116,4,1,0
365,2012,4,-,Latvia,Anmary,Beautiful Song,English,Pop,Female,1,Ab Minor,120,82,73,92,6 dB,6,0,31,5,0,-,-,-,-,-,-,16,17,0,4,0
366,2012,5,3,Albania,Rona Nishliu,Suus3,Albanian,Ballad,Female,1,Bb Minor,74,33,28,9,5 dB,80,0,11,3,1,106,157,-,-,5,263,2,146,0,0,0
367,2012,6,14,Romania,Mandinga,Zaleilah,"Spanish, English",Dance,Female,1,D Minor,127,82,70,79,6 dB,5,1,34,5,1,117,53,-,-,12,170,3,120,0,0,5
368,2012,7,-,Switzerland,Sinplus,Unbreakable,English,Rock,Male,1,D Major,144,94,49,50,3 dB,1,0,8,4,0,-,-,-,-,-,-,11,45,0,0,3
369,2012,8,-,Belgium,Iris,Would You?,English,Ballad,Female,1,-,-,-,-,-,-,-,-,-,-,0,-,-,-,-,-,-,17,16,0,3,0
370,2012,9,-,Finland,Pernilla Karlsson,Nar jag blundar,Swedish,Ballad,Female,1,-,-,-,-,-,-,-,-,-,-,0,-,-,-,-,-,-,12,41,0,0,1
371,2012,10,-,Israel,Izabo,Time,"English,Â Hebrew",Pop,Male,1,B Major,130,85,46,73,3 dB,1,0,7,4,0,-,-,-,-,-,-,13,33,0,2,3
372,2012,11,-,San Marino,Valentina Monetta,The Social Network Song (Oh Oh Â Uh - Oh Oh),English,Dance,Female,1,Ab Minor,106,91,69,89,6 dB,8,33,6,4,0,-,-,-,-,-,-,14,31,0,4,1
373,2012,12,8,Cyprus,Ivi Adamou,La La Love,English,Dance,Female,1,-,-,-,-,-,-,-,-,-,-,1,63,85,-,-,16,148,7,91,4,1,0
374,2012,13,15,Denmark,Soluna Samay,Should've Known Better,English,Rock,Female,1,D Major,94,48,83,75,7 dB,56,0,35,5,1,18,51,-,-,23,69,9,63,0,1,4
375,2012,14,6,Russia,Buranovskiye Babushki,Party for Everybody,"Udmurt, English",Dance,Female,6,C Minor,126,85,65,62,5 dB,19,0,35,13,1,332,94,-,-,2,426,1,152,0,0,0
376,2012,15,2,Hungary,Compact Disco,Sound of Our Hearts,English,Pop,Male,1,B Minor,80,82,41,25,4 dB,1,0,18,4,1,20,30,-,-,24,50,10,52,0,1,4
377,2012,16,-,Austria,Trackshittaz,Woki mit deim Popo,German5,Dance,Male,2,C Major,121,85,87,89,2 dB,4,0,42,4,0,-,-,-,-,-,-,18,8,3,0,0
378,2012,17,26,Moldova,Pasha Parfeny,Lautar,English6,Pop,Male,1,G Minor,107,86,66,60,4 dB,11,0,21,6,1,75,104,-,-,11,179,5,100,3,2,0
379,2012,18,23,Ireland,Jedward,Waterline,English,Dance,Male,2,Bb Major,144,73,66,86,6 dB,0,0,7,4,1,89,14,-,-,19,103,6,92,0,4,0
380,2012,1,24,Serbia,zeljko Joksimovic,Nije ljubav stvarÂ ,Serbian,Ballad,Male,1,-,-,-,-,-,-,-,-,-,-,1,211,173,-,-,3,384,2,159,0,0,5
381,2012,2,22,Macedonia,Kaliopi,Crno i belo,Macedonian,Rock,Female,1,D Minor,130,52,73,21,10 dB,36,0,8,33,1,-,-,-,-,13,0,9,53,0,0,5
382,2012,3,-,Netherlands,Joan Franka,You and Me,English,Pop,Female,1,Fs Major,98,64,66,70,6 dB,20,0,14,2,0,-,-,-,-,-,-,15,35,0,0,1
383,2012,4,21,Malta,Kurt Calleja,This Is the Night,English,Dance,Male,1,C Major,122,87,65,64,4 dB,0,0,7,4,1,10,70,-,-,21,80,7,70,1,0,4
384,2012,5,-,Belarus,Litesound,We Are the Heroes,English,Dance,Male,1,Db Minor,120,89,52,52,4 dB,1,0,8,4,0,-,-,-,-,-,-,16,35,0,0,4
385,2012,6,-,Portugal,Filipa Sousa,Vida minha,Portuguese,Ballad,Female,1,A Minor,86,21,37,21,11 dB,87,0,12,3,0,-,-,-,-,-,-,13,39,0,5,0
386,2012,7,25,Ukraine,Gaitana,Be My Guest,English,Dance,Female,1,-,-,-,-,-,-,-,-,-,-,1,37,125,-,-,15,162,8,64,0,0,4
387,2012,8,-,Bulgaria,Sofi Marinova,Love Unlimited,Bulgarian,Dance,Female,1,B Minor,130,66,75,86,9 dB,14,0,36,14,0,-,-,-,-,-,-,119,45,0,0,0
388,2012,9,-,Slovenia,Eva Boto,Verjamem,Slovene,Ballad,Female,1,F Minor,132,54,36,12,6 dB,31,0,11,3,0,-,-,-,-,-,-,17,31,0,5,0
389,2012,10,-,Croatia,Nina Badric,Nebo,Croatian,Ballad,Female,1,G Minor,113,65,52,31,6 dB,46,0,8,5,0,-,-,-,-,-,-,12,42,2,3,0
390,2012,11,17,Sweden,Loreen,Euphoria,English,Dance,Female,1,B Minor,132,78,56,39,5 dB,14,0,28,4,1,343,296,-,-,1,639,1,181,1,0,0
391,2012,12,-,Georgia,Anri Jokhadze,I'm a Joker,"English,Â Georgian",Pop,Male,1,-,-,-,-,-,-,-,-,-,-,0,-,-,-,-,-,-,14,36,1,4,0
392,2012,13,18,Turkey,Can Bonomo,Love Me Back,English,Traditional,Male,1,E Major,102,96,70,64,5 dB,18,0,73,7,1,176,50,-,-,7,226,5,80,5,0,0
393,2012,14,11,Estonia,Ott Lepland,Kuula,Estonian,Ballad,Male,1,F Major,129,31,37,14,8 dB,45,0,9,3,1,78,152,-,-,6,230,4,100,0,1,0
394,2012,15,-,Slovakia,Max Jason Mai,Don't Close Your Eyes,English,Rock,Male,1,-,-,-,-,-,-,-,-,-,-,0,-,-,-,-,-,-,18,22,0,0,4
395,2012,16,12,Norway,Tooji,Stay,English,Dance,Male,1,F Minor,127,90,61,59,3 dB,0,0,8,11,1,16,24,-,-,26,40,109,45,4,1,0
396,2012,17,5,Bosnia and Herzegovina,Maya Sar,Korake ti znam,Bosnian,Ballad,Female,1,A Major,122,35,38,44,8 dB,71,0,24,3,1,-,-,-,-,18,0,6,77,0,0,0
397,2012,18,4,Lithuania,Donny Montell,Love Is Blind,English,Ballad,Male,1,Eb Minor,124,31,76,8,10 dB,32,77,11,6,1,68,82,-,-,14,150,3,104,0,0,0
398,2012,-,1,United Kingdom,Engelbert Humperdinck,Love Will Set You Free,English,Ballad,Male,1,D Minor,120,32,46,24,8 dB,86,0,14,3,-,36,11,-,-,25,47,-,-,2,0,1
399,2012,-,9,France,Anggun,Echo (You and I),"French, English",Pop,Female,1,Bb Major,137,79,58,70,5 dB,0,0,10,3,-,0,85,-,-,22,85,-,-,3,2,0
400,2012,-,10,Italy,Nina Zilli,L'amore e femmina (Out of Love),"English,Â Italian",Pop,Female,1,-,-,-,-,-,-,-,-,-,-,-,56,157,-,-,9,213,-,-,0,3,0
401,2012,-,13,Azerbaijan,Sabina Babayeva,When the Music Dies,English,Ballad,Female,1,Db Minor,92,9,22,30,4 dB,61,0,43,3,-,151,118,-,-,4,269,-,-,3,1,0
402,2012,-,19,Spain,Pastora Soler,Quedate conmigo (Stay With Me),Spanish,Ballad,Female,1,Ab Major,84,66,49,20,5 dB,36,0,52,3,-,45,154,-,-,10,199,-,-,0,5,0
403,2012,-,20,Germany,Roman Lob,Standing Still,English,Pop,Male,1,Bb Major,108,87,59,4,8 dB,6,79,11,4,-,125,98,-,-,8,223,-,-,0,0,4
404,2011,1,-,Poland,Magdalena Tul,Jestem,Polish,Pop,Female,1,F Minor,129,93,73,55,5 dB,0,0,32,12,0,-,-,-,-,-,-,19,18,2,3,0
405,2011,2,-,Norway,Stella Mwangi,Haba Haba,"English,Â Swahili",Pop,Female,1,Ab Major,124,91,73,97,5 dB,3,0,17,3,0,-,-,-,-,-,-,17,30,0,5,0
406,2011,3,-,Albania,Aurela GaÃ§e,Feel the Passion,English,Rock,Female,1,Ab Minor,75,26,44,12,10 dB,84,0,11,4,0,-,-,-,-,-,-,14,47,0,3,2
407,2011,4,-,Armenia,Emmy,Boom Boom,English,Pop,Female,1,-,-,-,-,-,-,-,-,-,-,0,-,-,-,-,-,-,12,54,0,5,0
408,2011,5,-,Turkey,Yuksek Sadakat,Live It Up,English,Rock,Male,1,-,-,-,-,-,-,-,-,-,-,0,-,-,-,-,-,-,13,47,1,0,4
409,2011,6,24,Serbia,Nina,Caroban,Serbian,Pop,Female,1,-,-,-,-,-,-,-,-,-,-,1,89,111,-,-,14,200,8,67,0,3,0
410,2011,7,10,Russia,Alexey Vorobyov,Get You,"English, Russian",Pop,Male,1,-,-,-,-,-,-,-,-,-,-,1,138,25,-,-,16,163,9,64,3,0,0
411,2011,8,13,Switzerland,Anna Rossinelli,In Love for a While,English,Pop,Female,1,A Major,128,40,76,65,6 dB,25,0,10,4,1,2,53,-,-,25,55,10,55,0,0,2
412,2011,9,25,Georgia,Eldrine,One More Day,English,Rock,Female,1,Ab Minor,116,86,63,40,5 dB,0,0,25,4,1,138,79,-,-,9,217,6,74,0,0,5
413,2011,10,1,Finland,Paradise Oskar,Da Da Dam,English,Pop,Male,1,D Major,73,51,53,18,8 dB,17,0,9,3,1,47,75,-,-,21,122,3,103,0,0,0
414,2011,11,-,Malta,Glen Vella,One Life,English,Pop,Male,1,A Minor,137,90,70,35,3 dB,7,0,8,9,0,-,-,-,-,-,-,11,54,2,3,0
415,2011,12,-,San Marino,Senit,Stand By,English,Ballad,Female,1,-,-,-,-,-,-,-,-,-,-,0,-,-,-,-,-,-,16,34,0,3,2
416,2011,13,-,Croatia,Daria,Celebrate,English,Dance,Female,1,Fs Major,128,87,77,38,7 dB,0,84,8,4,0,-,-,-,-,-,-,15,41,0,4,1
417,2011,14,21,Iceland,Sjonni's Friends,Coming Home,English,Pop,Male,6,D Major,92,72,63,81,6 dB,33,0,18,4,1,60,72,-,-,20,132,4,100,0,0,0
418,2011,15,5,Hungary,Kati Wolf,What About My Dreams?,"English,Â Hungarian",Dance,Female,1,-,-,-,-,-,-,-,-,-,-,1,64,60,-,-,22,124,7,72,3,2,0
419,2011,16,-,Portugal,Homens da Luta,A luta e alegria,Portuguese,Pop,Mix,6,-,-,-,-,-,-,-,-,-,-,0,-,-,-,-,-,-,18,22,0,0,0
420,2011,17,4,Lithuania,Evelina Sasenko,C'est ma vie,English,Ballad,Female,1,E Major,163,28,25,9,9 dB,51,0,17,3,1,55,66,-,-,19,121,5,81,0,0,0
421,2011,18,19,Azerbaijan,Ell & Nikki,Running Scared,English,Ballad,Mix,2,C Major,172,70,32,24,4 dB,2,0,36,3,1,223,182,-,-,1,405,2,122,0,4,0
422,2011,19,9,Greece,Loukas GiorkasÂ feat.Â Stereo Mike,Watch My Dance,"English,Â Greek",Pop,Male,2,-,-,-,-,-,-,-,-,-,-,1,176,84,-,-,7,260,1,133,3,1,0
423,2011,1,2,Bosnia and Herzegovina,Dino Merlin,Love in Rewind,English,Pop,Male,1,Fs Minor,84,65,53,39,8 dB,45,0,4,3,1,-,-,-,-,6,0,5,109,0,0,5
424,2011,2,18,Austria,Nadine Beiler,The Secret Is Love,English,Ballad,Female,1,G Major,123,47,51,10,5 dB,21,0,10,4,1,25,145,-,-,18,170,7,69,0,5,0
425,2011,3,-,Netherlands,3JS,Never Alone,English,Ballad,Male,1,C Major,97,83,48,57,6 dB,1,0,32,3,0,-,-,-,-,-,-,19,13,0,3,2
426,2011,4,-,Belgium,Witloof Bay,With Love Baby,English,Pop,Mix,6,C Minor,88,62,88,67,9 dB,17,0,22,15,0,-,-,-,-,-,-,11,53,0,0,0
427,2011,5,-,Slovakia,TWiiNS,I'm Still Alive,English,Ballad,Female,2,A Major,87,76,50,34,3 dB,41,0,7,3,0,-,-,-,-,-,-,13,48,0,2,2
428,2011,6,23,Ukraine,Mika Newton,Angel,English,Ballad,Female,1,F Minor,162,54,44,22,9 dB,14,0,20,3,1,168,117,-,-,4,285,6,81,1,1,0
429,2011,7,15,Moldova,Zdob si Zdub,So Lucky,English,Rock,Male,1,E Minor,148,89,74,81,4 dB,1,0,10,6,1,98,82,-,-,12,180,10,54,1,0,4
430,2011,8,7,Sweden,Eric Saade,Popular,English,Dance,Male,1,A Major,125,96,54,49,5 dB,0,0,5,10,1,221,106,-,-,3,327,1,155,3,2,0
431,2011,9,-,Cyprus,Christos Mylordos,San aggelos s'agapisa,Greek,Pop,Male,4,-,-,-,-,-,-,-,-,-,-,0,-,-,-,-,-,-,18,16,0,1,1
432,2011,10,-,Bulgaria,Poli Genova,Na inat,Bulgarian,Rock,Female,1,-,-,-,-,-,-,-,-,-,-,0,-,-,-,-,-,-,12,48,0,0,5
433,2011,11,-,Macedonia,Vlatko Ilievski,Rusinka,"Macedonian, English",Pop,Male,1,-,-,-,-,-,-,-,-,-,-,0,-,-,-,-,-,-,16,36,5,0,0
434,2011,12,-,Israel,Dana International,Ding Dong,"Hebrew, English",Pop,Female,1,-,-,-,-,-,-,-,-,-,-,0,-,-,-,-,-,-,15,38,0,5,0
435,2011,13,20,Slovenia,Maja Keuc,No One,English,Ballad,Female,1,F Minor,88,81,28,31,3 dB,8,0,11,4,1,39,160,-,-,13,199,3,112,0,4,0
436,2011,14,17,Romania,Hotel FM,Change,English,Pop,Male,1,-,-,-,-,-,-,-,-,-,-,1,79,86,-,-,17,165,4,111,0,0,4
437,2011,15,8,Estonia,Getter Jaani,Rockefeller Street,English,Pop,Female,1,Eb Minor,130,89,81,75,4 dB,12,0,10,5,1,32,74,-,-,24,106,9,60,3,2,0
438,2011,16,-,Belarus,Anastasia Vinnikova,I Love Belarus,English,Pop,Female,1,-,-,-,-,-,-,-,-,-,-,0,-,-,-,-,-,-,14,45,0,4,1
439,2011,17,-,Latvia,Musiqq,Angel in Disguise,English,Pop,Male,2,Bb Major,125,79,63,61,4 dB,1,0,9,5,0,-,-,-,-,-,-,17,25,0,4,0
440,2011,18,3,Denmark,A Friend in London,New Tomorrow,English,Rock,Male,1,G Major,147,67,50,41,6 dB,16,0,10,3,1,61,168,-,-,5,229,2,135,0,2,3
441,2011,19,6,Ireland,Jedward,Lipstick,English,Pop,Male,2,F Minor,138,48,73,15,10 dB,0,89,36,5,1,101,119,-,-,8,220,8,68,0,4,0
442,2011,-,11,France,Amaury Vassili,Sognu,Corsican,Ballad,Male,1,Bb Minor,128,77,29,23,4 dB,80,20,15,5,-,76,90,-,-,15,166,-,-,0,0,0
443,2011,-,12,Italy,Raphael Gualazzi,Madness of Love,"Italian, English",Ballad,Male,1,C Major,144,41,53,37,7 dB,72,0,22,4,-,99,251,-,-,2,350,-,-,0,0,5
444,2011,-,14,United Kingdom,Blue,I Can,English,Pop,Male,4,-,-,-,-,-,-,-,-,-,-,-,166,57,-,-,11,223,-,-,0,2,0
445,2011,-,16,Germany,Lena,Taken by a Stranger,English,Pop,Female,1,F Minor,160,38,75,37,12 dB,5,81,11,8,-,113,104,-,-,10,217,-,-,3,2,0
446,2011,-,22,Spain,Lucia Perez,Que me quiten lo bailao,Spanish,Pop,Female,1,D Major,99,86,68,86,3 dB,27,0,6,8,-,73,38,-,-,23,111,-,-,0,5,0
447,2010,1,4,Moldova,SunStroke ProjectÂ andÂ Olia Tira,Run Away,English,Pop,Mix,2,Eb Minor,130,93,66,36,3 dB,1,0,18,8,1,28,33,-,-,22,61,-,-,3,0,1
448,2010,2,20,Russia,Peter Nalitch and Friends,Lost and Forgotten,English,Ballad,Male,1,C Major,98,47,36,21,4 dB,16,0,10,3,1,107,63,-,-,11,170,7,74,0,0,5
449,2010,3,-,Estonia,Malcolm Lincoln,Siren,English,Pop,Male,1,-,-,-,-,-,-,-,-,-,-,0,-,-,-,-,-,-,14,39,0,4,1
450,2010,4,-,Slovakia,Kristina,Horehronie,Slovak,Traditional,Female,1,-,-,-,-,-,-,-,-,-,-,0,-,-,-,-,-,-,16,24,4,1,0
451,2010,5,-,Finland,Kuunkuiskaajat,Tyolki ellaa,Finnish,Traditional,Female,2,A Minor,115,84,46,55,5 dB,69,0,9,8,0,-,-,-,-,-,-,11,49,0,2,1
452,2010,6,-,Latvia,Aisha,What For?,English,Ballad,Female,1,G Minor,78,62,64,45,4 dB,6,0,19,3,0,-,-,-,-,-,-,17,11,0,4,0
453,2010,7,8,Serbia,Milan Stankovic,Ovo je Balkan,Serbian,Pop,Male,1,-,-,-,-,-,-,-,-,-,-,1,110,37,-,-,13,147,5,79,2,2,0
454,2010,8,6,Bosnia and Herzegovina,Vukasin Brajic,Thunder and Lightning,English,Rock,Male,1,-,-,-,-,-,-,-,-,-,-,1,-,-,-,-,17,0,8,59,0,5,0
455,2010,9,-,Poland,Marcin Mrozinski,Legenda,"English,Â Polish",Ballad,Male,1,-,-,-,-,-,-,-,-,-,-,0,-,-,-,-,-,-,13,44,2,3,0
456,2010,10,7,Belgium,Tom Dice,Me and My Guitar,English,Pop,Male,1,A Major,129,34,47,42,8 dB,62,0,14,3,1,76,185,-,-,6,261,1,167,0,0,0
457,2010,11,-,Malta,Thea Garrett,My Dream,English,Ballad,Female,1,Fs Major,138,67,44,31,5 dB,14,0,12,3,0,-,-,-,-,-,-,12,45,1,3,0
458,2010,12,15,Albania,Juliana Pasha,It's All About You,English,Pop,Female,1,-,-,-,-,-,-,-,-,-,-,1,35,97,-,-,16,132,6,76,0,3,1
459,2010,13,11,Greece,Giorgos AlkaiosÂ andÂ Friends,OPA,Greek,Pop,Male,1,C Major,135,94,73,74,4 dB,0,1,7,4,1,152,110,-,-,8,262,2,133,0,4,0
460,2010,14,23,Portugal,Filipa Azevedo,Ha dias assim,Portuguese,Ballad,Female,1,-,-,-,-,-,-,-,-,-,-,1,24,69,-,-,18,93,4,89,0,3,1
461,2010,15,-,Macedonia,Gjoko Taneski,Jas ja imam silata,Macedonian,Pop,Male,1,-,-,-,-,-,-,-,-,-,-,0,-,-,-,-,-,-,15,37,2,2,1
462,2010,16,9,Belarus,3+2Â featÂ Robert Wells,Butterflies,English,Ballad,Mix,5,-,-,-,-,-,-,-,-,-,-,1,18,22,-,-,24,40,9,59,0,0,1
463,2010,17,16,Iceland,Hera Bjork,Je ne sais quoi,English,Dance,Female,1,Eb Minor,132,88,53,28,4 dB,3,0,17,7,1,40,57,-,-,19,97,3,123,0,5,0
464,2010,1,-,Lithuania,InCulto,Eastern European Funk,English,Dance,Male,5,A Major,134,76,83,93,7 dB,3,0,18,5,0,-,-,-,-,-,-,12,44,0,0,0
465,2010,2,21,Armenia,Eva Rivas,Apricot Stone,English,Pop,Female,1,B Minor,101,67,61,38,9 dB,25,0,16,10,1,166,116,-,-,7,282,6,83,1,3,1
466,2010,3,24,Israel,Harel Skaat,Milim,Hebrew,Ballad,Male,1,Ab Minor,115,51,39,20,6 dB,60,0,19,3,1,27,134,-,-,14,161,8,71,0,2,1
467,2010,4,25,Denmark,ChaneeÂ andÂ N'evergreen,In a Moment Like This,English,Pop,Mix,2,Fs Major,95,77,66,39,5 dB,28,0,10,3,1,174,121,-,-,4,295,5,101,0,4,0
468,2010,5,-,Switzerland,Michael von der Heide,Il pleut de l'or,French,Pop,Male,1,F Minor,128,75,73,73,6 dB,11,0,33,3,0,-,-,-,-,-,-,17,2,0,3,1
469,2010,6,-,Sweden,Anna Bergendahl,This Is My Life,English,Pop,Female,1,-,-,-,-,-,-,-,-,-,-,0,-,-,-,-,-,-,11,62,0,5,0
470,2010,7,1,Azerbaijan,Safura,Drip Drop,English,Ballad,Female,1,Fs Major,148,66,47,23,4 dB,1,0,8,3,1,161,116,-,-,5,277,2,113,1,3,0
471,2010,8,17,Ukraine,Alyosha,Sweet People,English,Ballad,Female,1,E Minor,120,41,63,12,6 dB,72,0,14,4,1,94,129,-,-,10,223,7,77,0,0,0
472,2010,9,-,Netherlands,Sieneke,Ik ben verliefd,Dutch,Pop,Female,1,Db Minor,162,91,62,77,3 dB,29,0,6,5,0,-,-,-,-,-,-,14,29,0,3,2
473,2010,10,19,Romania,Paula SelingÂ andÂ Ovi,Playing with Fire,English,Pop,Mix,2,G Major,122,82,66,96,3 dB,2,0,6,4,1,155,167,-,-,3,322,4,104,0,4,0
474,2010,11,-,Slovenia,Ansambel zlindraÂ andÂ Kalamari,Narodnozabavni rock,Slovene,Rock,Mix,2,-,-,-,-,-,-,-,-,-,-,0,-,-,-,-,-,-,16,6,0,0,4
475,2010,12,10,Ireland,Niamh Kavanagh,It's for You,English,Ballad,Female,1,C Major,130,46,40,16,5 dB,33,0,9,3,1,15,62,-,-,23,77,9,67,0,4,0
476,2010,13,-,Bulgaria,Miro,Angel si ti,"Bulgarian, English",Pop,Male,1,-,-,-,-,-,-,-,-,-,-,0,-,-,-,-,-,-,15,19,4,0,0
477,2010,14,5,Cyprus,Jon LilygreenÂ andÂ The Islanders,Life Looks Better in Spring,English,Pop,Male,1,-,-,-,-,-,-,-,-,-,-,1,16,57,-,-,21,73,10,67,0,2,3
478,2010,15,-,Croatia,Feminnem,Lako je sve,Croatian,Ballad,Female,3,Eb Minor,76,64,50,49,5 dB,38,0,15,4,0,-,-,-,-,-,-,13,33,2,0,0
479,2010,16,13,Georgia,Sofia Nizharadze,Shine,English,Ballad,Female,1,D Major,126,49,46,17,7 dB,17,0,31,3,1,127,160,-,-,9,287,3,106,3,2,0
480,2010,17,14,Turkey,maNga,We Could Be the Same,English,Rock,Male,1,A Minor,112,68,56,41,7 dB,1,0,14,3,1,177,119,-,-,2,296,1,118,0,0,4
481,2010,-,2,Spain,Daniel Diges,Algo pequenito,Spanish,Pop,Male,1,D Minor,88,62,37,71,5 dB,73,0,27,8,-,106,43,-,-,15,149,-,-,4,1,0
482,2010,-,3,Norway,Didrik Solli-Tangen,My Heart Is Yours,English,Ballad,Male,1,A Major,133,24,28,22,5 dB,83,0,13,3,-,18,61,-,-,20,79,-,-,0,5,0
483,2010,-,12,United Kingdom,Josh Dubovie,That Sounds Good to Me,English,Pop,Male,1,G Major,124,69,55,38,11 dB,14,87,18,4,-,-,-,-,-,25,0,-,-,2,3,0
484,2010,-,18,France,Jessy Matador,Allez Ola Ole,French,Dance,Male,1,B Major,129,93,64,72,5 dB,0,0,6,6,-,151,34,-,-,12,185,-,-,3,2,0
485,2010,-,22,Germany,Lena,Satellite,English,Pop,Female,1,E Minor,95,94,75,87,10 dB,0,79,10,5,-,243,187,-,-,1,430,-,-,0,4,0
486,2009,1,-,Montenegro,Andrea Demirovic,Just Get Out of My Life,English,Pop,Female,1,G Minor,138,91,56,56,3 dB,2,0,66,5,0,-,-,-,-,-,-,-,-,1,0,0
487,2009,2,-,Czech Republic,Gipsy.cz,Aven Romale,"English,Â Romani",Traditional,Male,1,Bb Minor,154,84,80,69,7 dB,20,0,23,46,0,-,-,-,-,-,-,18,0,0,0,5
488,2009,3,-,Belgium,Copycat,Copycat,English,Pop,Male,1,-,-,-,-,-,-,-,-,-,-,0,-,-,-,-,-,-,17,1,0,2,2
489,2009,4,-,Belarus,Petr Elfimov,Eyes That Never Lie,English,Rock,Male,1,D Minor,138,90,39,26,4 dB,0,0,34,5,0,-,-,-,-,-,-,13,25,1,2,1
490,2009,5,4,Sweden,Malena Ernman,La voix,"French, English",Traditional,Female,1,Bb Major,128,65,52,46,4 dB,35,0,21,4,1,59,27,-,-,21,86,4,105,5,0,0
491,2009,6,9,Armenia,Inga and Anush,Jan Jan,"English,Â Armenian",Traditional,Female,2,E Minor,115,86,78,76,4 dB,36,0,35,8,1,111,71,-,-,10,182,5,99,4,0,0
492,2009,7,-,Andorra,Susanne Georgi,La teva decisio (Get a Life),"Catalan, English",Pop,Female,1,D Major,133,40,77,92,16 dB,7,0,10,5,0,-,-,-,-,-,-,15,8,0,2,2
493,2009,8,-,Switzerland,Lovebugs,The Highest Heights,English,Rock,Male,1,D Minor,118,93,47,29,4 dB,1,3,38,4,0,-,-,-,-,-,-,14,15,0,0,4
494,2009,9,18,Turkey,Hadise,Dum Tek Tek,English,Dance,Female,1,F Major,115,97,75,87,4 dB,13,0,8,6,1,203,114,-,-,4,317,2,172,2,2,0
495,2009,10,2,Israel,NoaÂ andÂ Mira Awad,There Must Be Another Way,"English,Â Hebrew,Â Arabic",Pop,Female,2,Db Major,106,79,60,69,5 dB,23,0,10,2,1,15,107,-,-,16,122,7,75,0,0,3
496,2009,11,-,Bulgaria,Krassimir Avramov,Illusion,English,Dance,Mix,4,E Minor,130,91,49,44,5 dB,1,0,9,7,0,-,-,-,-,-,-,16,7,2,0,0
497,2009,12,7,Iceland,Yohanna,Is It True?,English,Ballad,Female,1,C Minor,84,57,47,23,7 dB,35,0,7,3,1,173,260,-,-,2,433,1,174,0,3,2
498,2009,13,-,Macedonia,Next Time,Nesto sto kje ostane,Macedonian,Rock,Male,1,-,-,-,-,-,-,-,-,-,-,0,-,-,-,-,-,-,10,45,0,0,5
499,2009,14,22,Romania,Elena,The Balkan Girls,English,Dance,Female,1,F Major,130,86,72,63,4 dB,2,0,5,3,1,64,31,-,-,19,95,9,67,4,0,0
500,2009,15,24,Finland,Waldo's People,Lose Control,English,Pop,Male,1,G Major,138,96,56,88,4 dB,0,23,26,6,1,30,12,-,-,25,42,12,42,2,3,0
501,2009,16,6,Portugal,Flor-de-Lis,Todas as ruas do amor,Portuguese,Traditional,Female,1,G Major,95,70,50,33,5 dB,34,0,12,3,1,45,64,-,-,15,109,8,70,0,0,5
502,2009,17,14,Malta,Chiara,What If We,English,Ballad,Female,1,Db Major,123,44,48,14,7 dB,62,0,7,3,1,18,87,-,-,22,105,6,86,0,0,0
503,2009,18,12,Bosnia and Herzegovina,Regina,Bistra voda,Bosnian,Ballad,Male,1,Fs Minor,152,78,52,38,4 dB,44,0,11,4,1,124,90,-,-,9,214,3,125,0,0,5
504,2009,1,5,Croatia,Igor CukrovÂ feat.Â Andrea,Lijepa Tena,Croatian,Ballad,Mix,2,Db Minor,116,69,58,43,4 dB,56,0,8,3,1,55,58,-,-,18,113,13,33,0,4,0
505,2009,2,-,Ireland,Sinead MulveyÂ andÂ Black Daisy,Et Cetera,English,Rock,Female,1,F Minor,170,75,45,44,6 dB,0,0,36,3,0,-,-,-,-,-,-,11,52,0,0,3
506,2009,3,-,Latvia,Intars Busulis,Probka,Russian,Pop,Mix,3,-,-,-,-,-,-,-,-,-,-,0,-,-,-,-,-,-,19,7,0,0,3
507,2009,4,-,Serbia,Marko KonÂ andÂ Milaan,Cipela,Serbian,Traditional,Male,1,-,-,-,-,-,-,-,-,-,-,0,-,-,-,-,-,-,10,60,4,0,1
508,2009,5,-,Poland,Lidia Kopania,I Don't Wanna Leave,English,Ballad,Female,1,Fs Major,144,69,45,26,4 dB,31,0,55,3,0,-,-,-,-,-,-,12,43,2,3,0
509,2009,6,20,Norway,Alexander Rybak,Fairytale,English,Traditional,Male,1,D Minor,108,79,58,67,5 dB,62,0,23,3,1,378,312,-,-,1,690,1,201,3,2,0
510,2009,7,-,Cyprus,Christina Metaxa,Firefly,English,Ballad,Female,1,-,-,-,-,-,-,-,-,-,-,0,-,-,-,-,-,-,14,32,0,5,0
511,2009,8,-,Slovakia,Kamil MikulcikÂ andÂ Nela Pociskova,Le? tmou,Slovak,Ballad,Mix,2,-,-,-,-,-,-,-,-,-,-,0,-,-,-,-,-,-,18,8,0,0,2
512,2009,9,16,Denmark,Niels Brinck,Believe Again,English,Rock,Male,1,E Minor,128,75,66,34,5 dB,1,0,10,5,1,40,120,-,-,13,160,8,69,0,0,5
513,2009,10,-,Slovenia,QuartissimoÂ feat.Â Martina,Love Symphony,"English,Â Slovene",Pop,Female,1,-,-,-,-,-,-,-,-,-,-,0,-,-,-,-,-,-,16,14,0,0,4
514,2009,11,-,Hungary,Zoli adok,Dance with Me,English,Pop,Male,1,Ab Major,125,96,66,81,4 dB,0,0,8,10,0,-,-,-,-,-,-,15,16,3,2,0
515,2009,12,11,Azerbaijan,AySelÂ andÂ Arash,Always,English,Pop,Mix,2,-,-,-,-,-,-,-,-,-,-,1,253,112,-,-,3,365,2,180,3,0,0
516,2009,13,8,Greece,Sakis Rouvas,This Is Our Night,English,Dance,Male,1,Fs Minor,128,92,65,65,5 dB,4,0,16,7,1,151,93,-,-,7,244,4,110,4,0,0
517,2009,14,1,Lithuania,Sasha Son,Love,"English, Russian",Ballad,Male,1,-,-,-,-,-,-,-,-,-,-,1,38,31,-,-,23,69,9,66,0,3,1
518,2009,15,13,Moldova,Nelly Ciobanu,Hora din Moldova,"Romanian, English",Traditional,Female,1,-,-,-,-,-,-,-,-,-,-,1,66,93,-,-,14,159,5,106,4,1,0
519,2009,16,19,Albania,Kejsi Tola,Carry Me in Your Dreams,English,Dance,Female,1,Ab Minor,128,67,68,67,8 dB,0,0,8,5,1,81,26,-,-,17,107,7,73,3,2,0
520,2009,17,21,Ukraine,Svetlana Loboda,Be My Valentine! (Anti-Crisis Girl),English,Pop,Female,1,-,-,-,-,-,-,-,-,-,-,1,70,68,-,-,12,138,6,80,5,0,0
521,2009,18,15,Estonia,Urban Symphony,Randajad,Estonian,Ballad,Female,1,F Minor,124,72,69,64,6 dB,3,0,33,4,1,129,124,-,-,6,253,3,115,0,2,3
522,2009,19,-,Netherlands,The Toppers,Shine,English,Pop,Male,3,-,-,-,-,-,-,-,-,-,-,0,-,-,-,-,-,-,17,11,0,3,0
523,2009,-,3,France,Patricia Kaas,Et s'il fallait le faire,French,Ballad,Female,1,A Major,92,58,26,23,8 dB,55,0,90,8,-,54,164,-,-,8,218,-,-,0,0,0
524,2009,-,10,Russia,Anastasiya Prikhodko,Mamo,"Russian,Â Ukrainian",Ballad,Female,1,D Minor,130,94,64,45,4 dB,41,0,26,5,-,118,67,-,-,11,185,-,-,0,5,0
525,2009,-,17,Germany,AlexÂ SwingsÂ OscarÂ Sings!,Miss Kiss Kiss Bang,English,Pop,Male,1,Bb Minor,136,89,62,56,4 dB,11,0,20,21,-,18,73,-,-,20,91,-,-,3,1,1
526,2009,-,23,United Kingdom,Jade Ewen,It's My Time,English,Ballad,Female,1,E Major,105,31,30,12,14 dB,1,79,29,3,-,105,223,-,-,5,328,-,-,0,0,5
527,2009,-,25,Spain,Soraya Arnelas,La noche es para mi,"Spanish, English",Dance,Female,1,F Minor,126,70,69,87,7 dB,1,73,14,3,-,38,9,-,-,24,47,-,-,2,3,0