Player Name,Team,Position,Games,Goals,Assists,Points,Plus Minus,Penalty Minutes,Shots on Goal,Game Winning Goals,Power Play Goals,Power Play Assists,Short Handed Goals,Short Handed Assists,Hits,Blocked Shots
Auston Matthews,TOR,C,73,60,46,106,20,18,348,10,16,13,0,0,67,62
Leon Draisaitl,EDM,C,80,55,55,110,17,40,278,11,24,17,1,0,53,25
Chris Kreider,NYR,LW,81,52,25,77,19,24,258,11,26,9,3,0,141,39
Alex Ovechkin,WAS,LW,77,50,40,90,8,18,334,5,16,13,1,0,155,25
Kyle Connor,WPG,LW,79,47,46,93,-3,4,317,9,8,20,3,0,32,23
Kirill Kaprizov,MIN,LW,81,47,61,108,27,34,289,5,14,17,0,0,73,29
Connor McDavid,EDM,C,80,44,79,123,28,45,314,9,10,34,0,1,75,26
Matt Duchene,NSH,C,78,43,43,86,6,38,228,6,16,13,0,0,31,28
Steven Stamkos,TB,C,81,42,64,106,24,36,241,11,16,20,0,0,93,31
Filip Forsberg,NSH,RW,69,42,42,84,12,22,226,8,10,17,0,0,112,48
Elias Lindholm,CGY,RW,82,42,40,82,61,22,235,9,10,9,1,1,66,52
Matthew Tkachuk,FLA,LW,82,42,62,104,57,68,253,6,12,17,0,0,93,20
Alex DeBrincat,OTT,RW,82,41,37,78,-13,19,270,6,14,14,0,0,101,35
Jason Robertson,DAL,LW,74,41,38,79,16,22,220,11,13,8,0,0,50,24
Jake Guentzel,PIT,LW,76,40,44,84,13,44,264,7,7,15,0,0,72,38
David Pastrnak,BOS,RW,72,40,37,77,13,20,312,9,15,11,0,0,63,14
Johnny Gaudreau,CLS,LW,82,40,75,115,64,26,262,9,6,19,0,0,10,9
Aleksander Barkov,FLA,C,67,39,49,88,36,18,214,5,12,14,4,1,50,42
Tage Thompson,BUF,RW,78,38,30,68,-17,37,253,4,10,6,2,0,66,25
Troy Terry,ANH,C,75,37,30,67,-11,26,192,7,8,7,0,0,6,27
Sebastian Aho,CAR,LW,79,37,44,81,18,38,221,9,13,15,1,2,76,23
Roope Hintz,DAL,LW,80,37,35,72,15,28,213,7,9,15,3,1,82,53
Brock Nelson,NYI,C,72,37,22,59,-5,33,171,5,11,3,0,0,31,43
Mikko Rantanen,COL,RW,75,36,56,92,35,56,254,2,16,19,0,0,58,43
Timo Meier,SJ,LW,77,35,41,76,-3,54,326,8,12,6,0,0,162,61
Mitch Marner,TOR,RW,72,35,62,97,23,16,224,5,6,19,3,1,75,31
Adrian Kempe,LA,C,78,35,19,54,-2,46,247,7,6,10,3,0,111,28
Andrew Mangiapane,CGY,LW,82,35,20,55,20,38,185,8,8,3,2,1,73,32
Josh Norris,OTT,C,66,35,20,55,-7,16,172,8,16,7,0,0,79,44
William Nylander,TOR,C,81,34,46,80,-9,16,256,7,13,18,0,0,19,30
Ryan Hartman,MIN,RW,82,34,31,65,31,95,239,7,1,7,0,0,72,48
Vladimir Tarasenko,STL,RW,75,34,48,82,7,32,230,9,5,17,0,1,83,45
Jeff Skinner,BUF,LW,80,33,30,63,-14,42,262,4,5,6,0,0,29,20
Sam Reinhart,FLA,RW,78,33,49,82,25,13,186,6,16,15,0,2,49,30
Kevin Fiala,LA,LW,82,33,52,85,23,52,262,7,5,12,1,0,52,21
Nathan MacKinnon,COL,C,65,32,56,88,22,42,299,5,7,20,0,0,68,39
J.T. Miller,VAN,C,80,32,67,99,15,47,206,6,8,30,0,2,172,56
Brad Marchand,BOS,LW,70,32,48,80,16,97,242,6,7,20,2,0,78,20
Elias Pettersson,VAN,C,80,32,36,68,1,12,192,3,10,17,2,0,49,43
Sidney Crosby,PIT,C,69,31,53,84,19,32,208,9,8,22,0,0,50,37
Bo Horvat,VAN,C,70,31,21,52,3,40,194,4,13,6,1,0,96,45
Anthony Duclair,FLA,LW,74,31,27,58,19,30,167,5,9,12,0,0,38,16
Dylan Larkin,DET,C,71,31,38,69,-18,47,212,4,6,7,0,1,76,28
Tyler Bertuzzi,DET,LW,68,30,32,62,-11,47,180,5,6,8,1,1,65,41
Pavel Buchnevich,STL,LW,73,30,46,76,29,34,199,3,8,11,2,2,57,15
Tomas Hertl,SJ,LW,82,30,34,64,-9,30,205,6,6,10,0,1,105,57
Gabriel Landeskog,COL,LW,51,30,29,59,27,78,150,5,7,8,0,0,94,34
Jonathan Huberdeau,CGY,LW,80,30,85,115,35,54,222,7,5,33,3,2,99,28
Jonathan Marchessault,VGK,LW,76,30,36,66,3,36,251,4,5,15,0,0,61,17
Brady Tkachuk,OTT,LW,79,30,37,67,-7,117,288,3,9,8,0,0,270,25
Andrei Svechnikov,CAR,RW,78,30,39,69,19,79,249,5,9,13,0,0,189,15
Mika Zibanejad,NYR,C,81,29,52,81,30,12,219,3,15,13,1,4,67,47
Mark Scheifele,WPG,C,67,29,41,70,-17,23,159,3,7,12,0,0,36,47
Nazem Kadri,CGY,C,71,28,59,87,13,71,247,6,8,21,0,0,52,19
Anders Lee,NYI,C,76,28,18,46,-11,34,159,3,9,4,0,0,94,30
Oliver Bjorkstrand,SEA,RW,80,28,29,57,-35,16,215,1,9,10,0,0,85,31
Nikolaj Ehlers,WPG,LW,62,28,27,55,18,20,245,2,4,5,0,0,32,27
Sam Bennett,FLA,LW,71,28,21,49,27,74,241,7,5,4,0,1,119,27
Brayden Point,TB,C,66,28,30,58,-5,33,176,4,10,12,0,0,75,27
Cale Makar,COL,D,77,28,58,86,48,26,240,6,9,25,0,0,95,110
Clayton Keller,ARI,C,67,28,35,63,3,28,177,2,5,6,1,1,17,31
Pierre-Luc Dubois,WPG,C,81,28,32,60,-6,106,233,6,15,4,0,0,112,43
Jordan Kyrou,STL,RW,74,27,48,75,10,20,188,4,5,14,0,1,6,23
Jared McCann,SEA,C,74,27,23,50,-26,33,199,1,8,9,1,0,65,29
John Tavares,TOR,C,79,27,49,76,-8,32,237,3,10,16,0,0,90,44
Joe Pavelski,DAL,RW,82,27,54,81,11,14,216,2,12,13,0,0,104,69
David Perron,DET,RW,67,27,30,57,8,48,177,2,11,15,0,0,80,11
Zach Hyman,EDM,RW,76,27,27,54,-9,36,213,4,5,5,1,3,74,31
Phillip Danault,LA,C,79,27,24,51,14,38,194,5,2,2,0,3,74,49
Ryan Johansen,NSH,C,79,26,37,63,-2,53,118,6,11,13,0,0,72,35
Patrick Kane,CHI,RW,78,26,66,92,-19,18,287,2,9,22,0,0,11,26
Ivan Barbashev,STL,LW,81,26,34,60,4,40,111,2,4,5,1,1,160,28
Joel Eriksson Ek,MIN,C,77,26,23,49,16,28,223,3,12,5,0,0,138,44
Jesper Bratt,NJ,LW,76,26,47,73,0,16,197,6,3,15,0,0,26,30
Patrik Laine,CLS,RW,56,26,30,56,-7,24,167,7,5,9,0,0,34,13
Jack Hughes,NJ,C,49,26,30,56,-16,0,165,2,6,8,0,0,6,15
Brandon Hagel,TB,LW,77,25,19,44,-18,31,125,3,4,2,1,2,63,32
Jake DeBrusk,BOS,LW,77,25,17,42,6,10,184,8,3,1,0,0,62,25
Valeri Nichushkin,COL,LW,62,25,27,52,21,14,180,5,5,4,2,0,89,27
Patrice Bergeron,BOS,C,73,25,40,65,26,32,293,4,8,15,0,3,78,45
Nikita Kucherov,TB,RW,47,25,44,69,1,22,156,1,9,21,0,0,32,7
Alex Killorn,TB,C,82,25,34,59,1,66,164,2,6,8,0,0,88,26
Brandon Saad,STL,LW,78,24,25,49,11,10,158,1,8,5,1,2,20,20
Nino Niederreiter,NSH,RW,75,24,20,44,29,34,144,5,4,1,0,0,119,17
Tyler Seguin,DAL,C,81,24,25,49,-21,30,218,2,3,10,0,0,96,33
Evgeny Kuznetsov,WAS,C,79,24,54,78,7,44,208,4,8,19,3,2,42,25
Bryan Rust,PIT,RW,60,24,34,58,7,14,180,1,9,12,0,0,43,24
James van Riemsdyk,PHI,LW,82,24,14,38,-33,25,186,4,9,0,0,0,34,25
Brayden Schenn,STL,C,62,24,34,58,21,33,111,3,7,10,0,0,119,17
Mats Zuccarello,MIN,RW,70,24,55,79,21,24,159,2,7,21,0,0,36,33
Carter Verhaeghe,FLA,C,78,24,31,55,24,48,167,4,0,3,0,0,50,16
Tom Wilson,WAS,RW,78,24,28,52,13,98,151,5,4,6,2,1,240,55
Tanner Jeannot,NSH,LW,81,24,17,41,2,130,124,5,2,1,1,0,318,64
Yegor Sharangovich,NJ,LW,76,24,22,46,-14,23,168,3,2,1,2,0,30,26
Trevor Zegras,ANH,C,75,23,38,61,-21,50,181,5,9,8,0,0,56,27
Cole Caufield,MON,RW,67,23,20,43,-24,10,188,3,5,8,0,0,18,7
Lucas Raymond,DET,RW,82,23,34,57,-32,16,184,2,5,13,0,0,62,24
Brock Boeser,VAN,RW,71,23,23,46,-5,20,195,6,11,6,0,1,35,26
Nick Schmaltz,ARI,RW,63,23,36,59,1,14,123,4,4,4,0,0,15,28
Michael Bunting,TOR,LW,79,23,40,63,27,80,175,2,2,3,0,0,85,21
Roman Josi,NSH,D,80,23,73,96,13,46,281,2,11,26,0,0,66,133
Marcus Foligno,MIN,LW,74,23,19,42,25,112,98,3,5,2,0,0,238,42
Logan Couture,SJ,C,77,23,33,56,-11,18,199,3,5,12,2,1,92,58
Cam Atkinson,PHI,RW,73,23,27,50,-2,10,215,6,2,3,3,0,20,45
Boone Jenner,CLS,LW,59,23,21,44,-11,22,160,3,8,2,0,0,80,56
Evander Kane,EDM,LW,43,22,17,39,25,60,152,3,3,1,2,1,135,11
Artemi Panarin,NYR,LW,75,22,74,96,21,18,177,5,5,32,0,0,22,14
Jack Roslovic,CLS,RW,81,22,23,45,2,12,131,4,4,3,0,0,60,25
Dylan Strome,WAS,C,69,22,26,48,-6,28,126,2,5,11,0,0,11,33
Teuvo Teravainen,CAR,C,77,22,43,65,22,24,202,2,9,22,2,1,15,30
Andre Burakovsky,SEA,LW,80,22,39,61,12,18,149,5,4,7,0,0,49,34
Tim Stutzle,OTT,LW,79,22,36,58,-27,37,176,4,7,19,1,0,125,52
Ross Colton,TB,LW,79,22,17,39,4,24,159,4,1,4,0,0,153,36
Ilya Mikheyev,VAN,RW,53,21,11,32,16,26,147,4,4,1,4,0,52,18
Nico Hischier,NJ,C,70,21,39,60,-1,17,153,2,4,8,0,2,50,48
Nick Suzuki,MON,C,82,21,40,61,-29,30,186,4,8,12,1,2,89,62
Andrew Copp,DET,C,72,21,32,53,15,16,183,5,3,7,2,1,45,41
Chandler Stephenson,VGK,C,79,21,43,64,5,26,125,3,6,8,1,1,68,44
Jordan Eberle,SEA,RW,79,21,23,44,-28,14,164,2,4,5,0,0,48,40
Ryan O'Reilly,STL,C,78,21,37,58,11,12,168,0,9,7,0,1,20,38
Kyle Okposo,BUF,RW,74,21,24,45,-15,43,174,1,8,6,2,0,59,19
Claude Giroux,OTT,C,75,21,44,65,-5,26,205,0,5,18,0,0,68,16
Paul Stastny,CAR,C,71,21,24,45,14,14,141,2,4,4,0,0,27,27
Vincent Trocheck,NYR,C,81,21,30,51,21,78,168,3,6,6,0,0,185,46
Yanni Gourde,SEA,LW,74,21,27,48,-13,45,127,3,3,4,1,3,77,31
Ryan Strome,ANH,C,74,21,33,54,15,69,161,5,5,9,1,0,41,19
Tyler Toffoli,CGY,RW,74,20,29,49,-5,14,195,1,8,8,2,1,81,24
Taylor Hall,BOS,LW,81,20,41,61,11,42,217,3,7,8,0,0,55,36
Rickard Rakell,PIT,C,70,20,21,41,0,12,184,2,5,5,0,0,99,44
Evgeni Malkin,PIT,C,41,20,22,42,-10,24,129,5,9,11,0,0,21,18
Evgenii Dadonov,MON,RW,78,20,23,43,4,18,177,4,5,3,0,0,65,25
Victor Hedman,TB,D,82,20,65,85,26,36,219,6,6,32,0,0,93,129
Lawson Crouse,ARI,LW,65,20,14,34,-9,52,131,4,3,4,1,0,181,36
Victor Olofsson,BUF,LW,72,20,29,49,-16,6,164,6,7,5,0,1,10,15
Viktor Arvidsson,LA,LW,66,20,29,49,1,22,227,3,4,4,0,0,23,45
Robert Thomas,STL,C,72,20,57,77,17,16,115,6,3,11,2,1,13,25
Kailer Yamamoto,EDM,LW,81,20,21,41,-1,40,114,4,3,3,1,1,114,36
Alexis Lafreniere,NYR,LW,79,19,12,31,2,37,110,4,0,2,0,0,108,26
Evan Rodrigues,COL,C,82,19,24,43,3,14,243,2,7,1,0,0,89,30
Conor Sheary,WAS,LW,71,19,24,43,-2,14,129,5,2,4,0,0,45,44
Conor Garland,VAN,RW,77,19,33,52,18,36,203,3,1,2,0,0,52,22
Josh Anderson,MON,RW,69,19,13,32,-25,65,151,1,2,1,0,0,153,35
Artturi Lehkonen,COL,LW,74,19,19,38,1,22,155,2,2,1,2,0,82,39
Corey Perry,TB,RW,82,19,21,40,9,66,153,4,6,2,0,0,73,28
Jeff Carter,PIT,C,76,19,26,45,-8,38,200,2,3,3,1,0,99,50
Anze Kopitar,LA,C,81,19,48,67,-6,14,210,4,6,16,0,1,72,71
Max Pacioretty,CAR,LW,39,19,18,37,8,33,148,4,4,8,0,0,30,21
Adam Henrique,ANH,C,58,19,23,42,-2,14,141,0,6,5,0,0,22,47
Gustav Nyquist,CLS,RW,82,18,35,53,-12,26,122,0,4,6,4,0,41,51
Jean-Gabriel Pageau,NYI,C,77,18,21,39,0,30,126,0,4,3,1,3,171,53
Ondrej Palat,NJ,LW,77,18,31,49,15,20,143,5,1,5,0,1,124,42
Jamie Benn,DAL,C,82,18,28,46,-13,88,182,2,3,8,1,0,143,60
J.T. Compher,COL,C,70,18,15,33,6,25,102,0,4,2,1,0,31,55
Erik Haula,NJ,C,78,18,26,44,19,47,141,3,2,2,0,0,129,36
Frank Vatrano,ANH,LW,71,18,14,32,4,22,161,3,1,1,0,0,68,26
Danton Heinen,PIT,C,76,18,15,33,6,16,138,1,3,1,0,0,66,33
Anton Lundell,FLA,C,65,18,26,44,33,18,125,4,1,3,1,3,26,56
Alex Formenton,OTT,LW,79,18,14,32,-13,59,162,1,0,0,5,1,101,24
Mason Marchment,DAL,LW,54,18,29,47,29,53,121,2,1,1,0,0,114,9
Dillon Dube,CGY,C,79,18,14,32,1,20,143,1,2,1,1,2,87,15
Trevor Moore,LA,LW,81,17,31,48,20,20,202,1,1,1,5,1,69,32
Alex Iafallo,LA,C,79,17,20,37,4,8,215,2,3,3,1,1,48,53
Drake Batherson,OTT,RW,46,17,27,44,4,32,110,3,3,11,0,0,89,15
Joel Farabee,PHI,LW,63,17,17,34,-11,50,119,1,1,2,1,0,73,38
Seth Jarvis,CAR,RW,68,17,23,40,11,18,110,4,2,4,0,0,69,21
Dawson Mercer,NJ,C,82,17,25,42,-25,28,154,2,2,3,1,1,26,35
Robby Fabbri,DET,LW,56,17,13,30,-23,35,123,1,6,2,0,0,86,19
Anthony Cirelli,TB,C,76,17,26,43,15,70,146,4,3,5,1,0,75,67
Yakov Trenin,NSH,C,80,17,7,24,7,46,136,2,0,0,0,0,191,33
John Carlson,WAS,D,78,17,54,71,13,20,195,2,7,18,0,3,73,112
Jordan Staal,CAR,C,78,17,19,36,11,18,146,2,1,1,0,0,212,29
Blake Wheeler,WPG,RW,65,17,43,60,-15,36,167,2,3,17,0,0,62,37
Travis Boyd,ARI,C,74,17,18,35,-10,34,88,2,2,2,0,0,71,55
Reilly Smith,VGK,RW,56,16,22,38,4,8,150,3,3,4,2,2,55,23
Blake Coleman,CGY,C,81,16,17,33,16,60,212,2,0,0,1,1,163,44
Craig Smith,BOS,RW,74,16,20,36,2,28,187,1,0,4,0,0,95,28
Vladislav Namestnikov,TB,C,75,16,14,30,2,45,91,1,0,1,1,0,62,39
Charlie Coyle,BOS,C,82,16,28,44,-6,32,131,5,3,6,0,1,84,39
Justin Faulk,STL,D,76,16,31,47,41,43,167,6,1,6,0,0,149,101
Nick Bonino,SJ,C,80,16,10,26,-25,18,137,0,3,4,1,0,34,102
Travis Konecny,PHI,C,79,16,36,52,-23,77,220,3,3,7,0,0,80,34
Ryan Donato,SEA,C,74,16,15,31,-13,40,159,2,1,0,0,0,70,17
Nick Paul,TB,LW,80,16,16,32,-14,39,166,2,2,0,1,1,106,56
Cole Sillinger,CLS,C,79,16,15,31,-22,37,148,3,0,2,0,0,98,43
Isac Lundestrom,ANH,LW,80,16,13,29,-3,8,83,3,0,0,4,0,38,55
Pius Suter,DET,LW,82,15,21,36,-11,22,166,3,0,3,1,0,24,37
Michael Rasmussen,DET,C,80,15,12,27,-25,66,128,2,0,2,0,0,142,65
Rem Pitlick,MON,C,66,15,22,37,-8,24,65,1,0,1,1,0,25,28
Matthew Boldy,MIN,LW,47,15,24,39,17,10,113,2,3,7,0,0,23,24
Dominik Kubalik,DET,LW,78,15,17,32,-16,16,161,0,3,6,0,0,93,28
Aaron Ekblad,FLA,D,61,15,42,57,38,26,180,2,3,17,0,3,62,69
Pierre Engvall,TOR,LW,78,15,20,35,13,30,154,3,1,2,2,1,66,12
Mathew Barzal,NYI,C,73,15,44,59,-15,18,161,1,1,19,0,0,36,17
Pavel Zacha,BOS,C,70,15,21,36,-21,22,148,1,4,4,0,0,80,18
Nicolas Roy,VGK,C,78,15,24,39,12,51,145,3,2,3,0,1,85,34
Tomas Tatar,NJ,LW,76,15,15,30,-22,22,132,1,2,3,0,0,75,28
Mike Hoffman,MON,LW,67,15,20,35,-24,32,154,3,4,9,0,0,27,29
Kyle Palmieri,NYI,RW,69,15,18,33,0,57,156,6,2,4,0,0,77,18
Zach Parise,NYI,LW,82,15,20,35,-2,28,138,4,2,5,2,0,60,57
Derek Grant,ANH,C,71,15,14,29,-16,27,117,1,2,0,1,1,69,49
Jesper Fast,CAR,RW,82,14,20,34,24,4,97,1,1,1,0,1,109,36
Sean Kuraly,CLS,C,77,14,16,30,2,61,121,0,0,1,0,1,240,51
Josh Bailey,NYI,LW,74,14,30,44,-7,6,87,1,2,9,0,0,19,26
Daniel Sprong,SEA,RW,63,14,6,20,0,8,153,0,2,0,0,0,43,12
Jack Eichel,VGK,C,34,14,11,25,3,10,133,2,3,5,0,0,45,35
Ondrej Kase,CAR,RW,50,14,13,27,4,14,119,2,4,4,1,0,29,32
Frederick Gaudreau,MIN,C,76,14,30,44,12,8,132,4,1,2,0,2,48,43
Sonny Milano,CGY,LW,66,14,20,34,-9,10,94,3,5,5,0,0,27,15
Garnet Hathaway,WAS,RW,76,14,12,26,19,57,124,4,0,0,0,1,250,62
Shea Theodore,VGK,D,78,14,38,52,6,24,205,5,1,11,0,0,37,97
Shayne Gostisbehere,ARI,D,82,14,37,51,-23,26,151,2,2,17,0,0,60,115
Tanner Pearson,VAN,LW,68,14,20,34,9,30,159,2,1,2,0,0,84,41
Arthur Kaliyev,LA,RW,80,14,13,27,-3,37,194,2,6,3,0,0,31,12
Vasili Podkolzin,VAN,RW,79,14,12,26,7,26,115,3,2,1,0,0,84,33
Jesse Puljujarvi,EDM,RW,65,14,22,36,22,20,160,1,4,3,0,0,81,15
Martin Necas,CAR,C,78,14,26,40,5,32,159,6,2,2,1,0,55,19
Rasmus Dahlin,BUF,D,80,13,40,53,-22,68,170,3,3,18,0,1,121,91
Oliver Wahlstrom,NYI,RW,73,13,11,24,-6,74,157,2,5,3,0,0,101,19
Noah Dobson,NYI,D,80,13,38,51,-3,18,190,4,3,19,0,0,78,154
Luke Kunin,SJ,C,82,13,9,22,-11,99,125,0,0,2,0,0,223,51
Dylan Cozens,BUF,C,79,13,25,38,-19,55,160,1,2,7,0,1,35,22
Alex Newhook,COL,C,71,13,20,33,11,12,113,5,3,3,0,0,40,36
Alex Kerfoot,TOR,C,82,13,38,51,19,20,117,1,0,1,0,3,75,65
Vinnie Hinostroza,BUF,RW,62,13,12,25,-11,24,92,2,1,0,0,0,25,13
Barclay Goodrow,NYR,LW,79,13,20,33,13,69,116,2,0,0,1,3,130,54
Andreas Johnsson,NJ,LW,71,13,22,35,4,30,114,0,1,0,0,0,64,22
Jakub Vrana,DET,RW,26,13,6,19,-8,16,65,3,5,1,0,0,14,9
Jake Evans,MON,LW,72,13,16,29,-5,22,124,0,0,0,0,1,88,37
Devon Toews,COL,D,66,13,44,57,52,20,158,3,2,10,0,0,54,85
Alex Pietrangelo,VGK,D,80,13,31,44,7,42,227,0,3,10,1,3,66,164
Lars Eller,WAS,C,72,13,18,31,-4,40,116,2,0,2,0,0,95,36
Sam Gagner,WPG,C,81,13,18,31,-4,32,132,0,0,1,1,0,21,25
Alex Chiasson,ARI,RW,67,13,9,22,4,24,98,2,6,4,0,0,68,18
Adam Lowry,WPG,LW,79,13,8,21,1,59,115,0,0,2,3,2,231,43
William Karlsson,VGK,C,67,12,23,35,3,10,135,0,1,2,2,0,42,42
Dmitry Orlov,WAS,D,76,12,23,35,25,44,127,4,2,2,0,0,124,94
Calle Jarnkrok,TOR,C,66,12,18,30,-14,6,101,1,2,4,0,0,38,17
Mikael Backlund,CGY,C,82,12,27,39,16,30,214,1,0,7,0,0,62,27
Jonathan Toews,CHI,C,71,12,25,37,-14,39,125,2,4,3,1,0,25,22
Jason Spezza,FA,C,71,12,13,25,-3,26,97,1,3,7,0,0,31,24
Oskar Lindblom,SJ,LW,79,12,14,26,-11,22,127,1,0,1,0,0,83,48
Alex Tuch,BUF,RW,50,12,26,38,-3,14,139,0,2,6,1,0,32,49
Nick Ritchie,ARI,LW,57,12,11,23,-13,43,93,0,1,3,0,0,153,22
Warren Foegele,EDM,LW,82,12,14,26,-9,24,142,3,2,1,0,0,127,15
Anthony Beauvillier,NYI,LW,75,12,22,34,-10,12,154,1,5,6,0,0,39,20
Mathieu Joseph,OTT,RW,69,12,18,30,12,29,86,3,0,0,2,2,106,27
Josh Morrissey,WPG,D,79,12,25,37,-3,66,173,3,6,9,0,0,150,104
Brock McGinn,PIT,LW,64,12,10,22,0,14,99,2,0,0,0,0,94,50
Nathan Bastian,NJ,RW,72,12,6,18,-12,65,97,1,3,1,0,0,210,40
Jonathan Dahlen,FA,LW,61,12,10,22,-25,12,105,2,3,4,0,0,16,34
Jesperi Kotkaniemi,CAR,LW,66,12,17,29,3,37,81,3,0,4,0,0,74,15
Evan Bouchard,EDM,D,81,12,31,43,10,28,205,1,2,5,0,1,80,112
Jacob Peterson,DAL,LW,65,12,5,17,-1,12,85,5,0,1,0,0,22,23
Alexandre Texier,CLS,C,36,11,9,20,0,12,59,0,0,0,1,1,13,12
Eeli Tolvanen,NSH,LW,75,11,12,23,-7,16,151,1,1,5,0,0,176,45
Adam Boqvist,CLS,D,52,11,11,22,-11,12,64,1,3,3,0,0,26,47
Rudolfs Balcers,FLA,LW,61,11,12,23,-3,20,98,1,0,0,0,1,115,43
Adam Fox,NYR,D,78,11,63,74,18,26,158,2,0,33,1,1,30,128
Taylor Raddysh,CHI,RW,74,11,11,22,1,10,104,1,3,1,1,0,103,21
Gerald Mayhew,FLA,C,40,11,1,12,-6,18,53,0,1,0,0,0,58,26
David Kampf,TOR,RW,82,11,15,26,12,20,102,1,0,0,2,2,80,26
Philip Tomasino,NSH,C,76,11,21,32,2,10,111,3,3,6,0,0,49,28
Scott Laughton,PHI,C,67,11,19,30,-9,35,110,1,0,1,2,0,151,47
Mike Matheson,MON,D,74,11,20,31,12,33,140,5,0,2,0,0,97,81
Damon Severson,NJ,D,80,11,35,46,-14,57,158,0,5,11,0,1,91,92
Andreas Athanasiou,CHI,C,28,11,6,17,7,4,71,3,0,1,0,0,11,10
Alexander Wennberg,SEA,C,80,11,26,37,-26,28,95,2,2,4,0,1,47,44
Max Domi,CHI,C,72,11,28,39,10,55,104,1,0,4,0,0,24,9
Zach Werenski,CLS,D,68,11,37,48,-15,22,216,2,4,10,0,1,33,95
Denis Gurianov,DAL,RW,73,11,20,31,2,16,144,2,4,3,0,0,67,32
Christian Dvorak,MON,LW,56,11,22,33,-19,24,87,1,1,4,0,0,32,52
Michael Amadio,VGK,C,56,11,7,18,1,15,64,2,0,0,0,0,42,16
Kasperi Kapanen,PIT,RW,79,11,21,32,2,16,129,2,0,5,0,0,110,19
Nicolas Aube-Kubel,TOR,C,74,11,12,23,11,47,87,2,0,0,0,0,140,18
Brandon Montour,FLA,D,81,11,26,37,15,48,153,1,1,7,0,0,64,65
Brian Boyle,FA,C,66,11,10,21,6,27,87,1,0,0,1,0,95,39
T.J. Oshie,WAS,RW,44,11,14,25,-12,18,77,1,4,6,0,1,86,30
Patrick Maroon,TB,LW,81,11,16,27,20,134,102,0,3,3,0,0,160,11
Patric Hornqvist,FLA,RW,65,11,17,28,-5,19,165,0,3,4,0,0,112,23
Mikael Granlund,NSH,C,80,11,53,64,-9,33,117,3,3,25,0,0,92,45
Sam Carrick,ANH,C,64,11,8,19,-12,85,80,0,0,0,0,0,122,21
Ryan Nugent-Hopkins,EDM,LW,63,11,39,50,3,16,154,1,1,22,3,2,42,34
Jacob Trouba,NYR,D,81,11,28,39,25,88,204,1,1,3,0,2,207,177
Zemgus Girgensons,BUF,C,56,10,8,18,-7,27,92,1,3,1,0,0,81,25
Morgan Rielly,TOR,D,82,10,58,68,16,40,221,3,2,21,0,3,92,87
Colin Blackwell,CHI,C,58,10,10,20,0,14,77,1,0,0,2,0,91,24
Jared Spurgeon,MIN,D,65,10,30,40,32,10,116,2,0,14,0,0,44,83
Austin Watson,OTT,LW,67,10,6,16,-3,91,88,1,0,0,1,0,213,63
Kevin Hayes,PHI,C,48,10,21,31,-20,26,126,1,2,2,0,1,36,12
Milan Lucic,CGY,LW,82,10,11,21,-9,84,95,0,2,1,0,0,209,22
Erik Karlsson,SJ,D,50,10,25,35,-14,14,117,2,0,10,0,0,18,45
Casey Cizikas,NYI,C,74,10,6,16,-3,48,91,3,0,0,1,0,138,43
Brent Burns,CAR,D,82,10,44,54,-15,42,203,0,4,14,0,1,55,150
Kris Letang,PIT,D,78,10,58,68,20,49,214,3,2,20,0,0,171,122
Tony DeAngelo,PHI,D,64,10,41,51,30,56,151,2,2,18,0,0,41,59
Gustav Forsling,FLA,D,71,10,27,37,41,18,145,1,0,0,0,0,45,86
Derek Ryan,EDM,C,75,10,12,22,-4,8,72,2,0,0,0,1,38,38
Noah Hanifin,CGY,D,81,10,38,48,27,19,189,1,1,12,0,1,63,84
Jordan Greenway,MIN,LW,62,10,17,27,26,69,110,3,1,1,0,0,155,31
Nic Dowd,WAS,C,64,10,14,24,10,44,90,0,0,1,1,0,139,53
Carson Soucy,SEA,D,64,10,11,21,7,47,97,1,0,2,1,1,118,73
Connor Brown,WAS,RW,64,10,29,39,-15,10,121,0,0,9,1,3,14,37
Nils Hoglander,VAN,LW,60,10,8,18,-6,24,132,0,1,2,0,0,41,16
Blake Lizotte,LA,LW,70,10,14,24,15,28,91,2,0,0,1,2,74,12
Justin Danforth,CLS,RW,45,10,4,14,-5,10,72,1,0,1,0,0,85,22
Alexander Barabanov,SJ,RW,70,10,29,39,-5,14,103,1,2,6,0,0,53,39
Charlie McAvoy,BOS,D,78,10,46,56,31,66,166,5,4,17,1,0,155,130
Barrett Hayton,ARI,C,60,10,14,24,-8,20,82,1,2,3,0,0,84,33
Filip Zadina,DET,RW,74,10,14,24,-24,10,154,1,4,4,0,0,57,34
Eric Robinson,CLS,LW,67,10,17,27,-1,18,104,1,0,0,2,0,95,20
Jesper Boqvist,NJ,C,56,10,13,23,-9,10,74,1,0,1,0,0,31,16
Owen Tippett,PHI,RW,63,10,11,21,-2,12,126,1,1,2,0,0,98,16
Ryan Poehling,PIT,C,57,9,8,17,-21,6,91,1,2,0,0,0,40,28
Eetu Luostarinen,FLA,LW,78,9,17,26,1,12,84,4,0,1,2,1,103,46
Ryan McLeod,EDM,C,71,9,12,21,-2,12,82,1,2,3,0,0,28,25
Brett Howden,VGK,C,47,9,11,20,9,12,39,2,0,0,0,2,62,36
Ryan Lomberg,FLA,LW,55,9,9,18,4,92,91,1,0,0,0,1,117,7
Brandon Tanev,SEA,LW,30,9,6,15,4,13,51,3,2,0,1,0,98,22
Carl Grundstrom,LA,LW,54,9,6,15,4,26,83,1,0,0,0,0,134,19
Kirby Dach,MON,C,70,9,17,26,-18,43,116,0,2,4,0,1,49,44
Nico Sturm,SJ,C,74,9,11,20,-7,14,101,0,1,0,1,0,99,29
Connor McMichael,WAS,C,68,9,9,18,-3,10,105,0,0,0,0,0,46,22
Teddy Blueger,PIT,C,65,9,19,28,12,10,93,0,0,0,1,1,87,32
Brady Skjei,CAR,D,82,9,30,39,22,48,184,0,0,0,0,0,95,73
Mattias Janmark,EDM,C,67,9,16,25,3,21,89,1,0,0,2,1,19,28
Anthony Mantha,WAS,RW,37,9,14,23,4,14,82,0,0,2,0,0,46,18
Darnell Nurse,EDM,D,71,9,26,35,18,54,203,0,0,6,2,1,196,132
William Carrier,VGK,LW,63,9,11,20,7,34,120,0,0,0,0,0,159,24
Zach Sanford,NSH,LW,80,9,12,21,-15,50,104,0,1,2,0,0,169,67
Oliver Kylington,CGY,D,73,9,22,31,34,14,138,2,1,2,0,0,40,79
Ivan Provorov,PHI,D,79,9,22,31,-20,34,170,1,1,6,0,2,74,172
Pierre-Edouard Bellemare,TB,C,80,9,11,20,24,19,72,1,0,0,1,0,88,44
Dustin Brown,FA,RW,64,9,19,28,-3,20,146,0,1,2,0,0,88,20
Ben Chiarot,DET,D,74,9,17,26,-14,48,143,1,2,1,0,1,157,130
Marcus Johansson,WAS,LW,69,9,20,29,-26,4,111,2,3,7,0,0,31,26
Derek Stepan,CAR,C,58,9,10,19,0,14,96,0,0,0,0,0,29,25
Cam Fowler,ANH,D,76,9,33,42,-9,14,124,1,6,12,0,0,37,116
Dougie Hamilton,NJ,D,62,9,21,30,-19,34,197,1,2,6,0,0,87,92
Mark Stone,VGK,RW,37,9,21,30,7,8,71,2,3,3,0,1,19,24
Torey Krug,STL,D,64,9,34,43,23,48,119,1,3,16,1,0,53,70
Luke Glendening,DAL,C,82,9,7,16,-17,15,116,1,0,0,0,2,179,59
Nick Cousins,FLA,C,68,9,13,22,-8,31,103,1,3,1,0,0,66,28
Victor Rask,FA,C,47,9,12,21,4,2,58,1,0,1,0,0,15,5
Adam Larsson,SEA,D,82,8,17,25,-23,55,119,3,0,1,0,0,183,140
Nicolas Deslauriers,PHI,LW,81,8,5,13,-11,113,90,1,0,0,1,0,263,49
Jaden Schwartz,SEA,LW,37,8,15,23,-13,14,101,0,1,3,0,0,42,13
Jason Zucker,PIT,LW,41,8,9,17,-2,15,102,0,2,0,0,0,66,20
Tyler Ennis,FA,LW,57,8,16,24,-6,16,89,1,1,3,0,0,70,24
Mark Giordano,TOR,D,75,8,27,35,-9,57,151,1,0,12,2,0,75,139
Erik Johnson,COL,D,77,8,17,25,22,24,139,1,0,1,1,1,165,136
Anton Stralman,BOS,D,74,8,15,23,-16,12,95,1,0,0,0,0,99,100
Phil Kessel,VGK,RW,82,8,44,52,-24,40,175,0,2,12,0,0,6,21
Derick Brassard,OTT,C,46,8,11,19,4,16,62,1,1,1,0,0,82,6
Kevin Shattenkirk,ANH,D,82,8,27,35,-9,36,163,1,1,13,0,0,73,135
Brendan Lemieux,LA,LW,50,8,5,13,1,97,65,2,0,0,0,0,122,17
Curtis Lazar,VAN,C,70,8,8,16,-2,16,95,0,0,0,0,1,186,51
Sean Monahan,MON,C,65,8,15,23,-15,24,111,2,5,8,0,0,59,24
MacKenzie Weegar,CGY,D,80,8,36,44,40,81,203,2,1,2,1,1,179,156
Nathan Walker,STL,C,30,8,4,12,1,2,38,2,0,0,0,0,58,22
Jimmy Vesey,NYR,LW,68,8,7,15,-24,12,110,2,0,0,2,0,85,29
Oskar Sundqvist,DET,C,59,8,15,23,5,29,70,1,0,0,0,0,70,29
Logan O'Connor,COL,C,81,8,16,24,10,38,127,1,0,0,1,3,100,59
Noah Gregor,SJ,C,63,8,15,23,-21,25,156,1,0,3,0,0,118,49
Mason Appleton,WPG,C,68,8,13,21,-1,30,98,3,0,0,0,0,64,20
Steven Lorentz,SJ,C,67,8,5,13,0,8,80,1,0,0,0,0,67,13
Trent Frederic,BOS,C,60,8,10,18,10,57,100,1,0,0,0,0,119,22
Rasmus Asplund,BUF,C,80,8,19,27,-5,10,130,1,2,2,1,0,30,14
Tyson Jost,MIN,C,80,8,12,20,2,34,97,2,0,0,0,1,55,37
Joe Veleno,DET,C,66,8,7,15,-14,22,73,0,0,0,0,0,123,25
Martin Fehervary,WAS,D,79,8,9,17,15,26,96,2,0,0,1,1,251,117
Quinn Hughes,VAN,D,76,8,60,68,10,28,150,1,0,31,0,2,19,56
Zach Whitecloud,VGK,D,59,8,11,19,21,20,94,1,0,0,1,0,98,115
Filip Chytil,NYR,C,67,8,14,22,-1,14,135,1,0,1,0,0,24,27
Morgan Geekie,SEA,C,73,7,15,22,-16,18,97,0,0,4,0,0,55,23
Scott Reedy,SJ,C,35,7,2,9,-8,10,33,2,3,0,0,0,14,26
Parker Kelly,OTT,C,41,7,5,12,-4,60,48,0,0,0,0,0,131,30
K'Andre Miller,NYR,D,82,7,13,20,23,24,102,2,1,0,0,0,151,95
Jake Bean,CLS,D,67,7,18,25,-5,26,90,2,0,4,0,1,41,71
Jakob Chychrun,ARI,D,47,7,14,21,-20,47,141,2,1,0,0,0,51,66
Mikhail Sergachev,TB,D,78,7,31,38,6,59,149,1,1,6,0,1,139,123
Maxim Mamin,FA,LW,40,7,7,14,8,13,49,0,0,0,0,0,59,17
Kaapo Kakko,NYR,RW,43,7,11,18,9,10,62,2,1,1,0,0,8,15
Moritz Seider,DET,D,82,7,43,50,-9,34,187,4,2,19,0,2,151,161
Peyton Krebs,BUF,C,57,7,15,22,-26,22,56,2,0,10,0,0,25,8
Yegor Chinakhov,CLS,RW,62,7,7,14,-27,16,98,1,1,0,0,0,50,16
Colton Sissons,NSH,RW,79,7,21,28,2,30,87,0,1,3,0,0,188,44
Dominic Toninato,WPG,LW,77,7,7,14,1,22,44,1,0,1,1,3,92,32
Michael Raffl,FA,LW,76,7,9,16,-19,16,94,2,0,0,1,2,141,34
Tyler Motte,OTT,C,58,7,8,15,2,22,101,1,0,0,1,0,117,58
Michael McCarron,NSH,C,51,7,7,14,10,70,51,2,0,1,1,0,116,31
Brett Pesce,CAR,D,70,7,21,28,5,39,148,3,1,2,0,0,39,99
Juho Lammikko,FA,RW,75,7,8,15,-6,14,67,2,0,0,0,0,93,46
Travis Sanheim,PHI,D,80,7,24,31,9,34,123,1,0,0,0,0,64,142
Thomas Chabot,OTT,D,59,7,31,38,-3,26,173,1,1,12,0,0,73,93
Evgeny Svechnikov,SJ,LW,72,7,12,19,-4,38,78,1,0,0,0,0,104,22
Keegan Kolesar,VGK,RW,77,7,17,24,-6,68,94,0,1,0,1,0,246,46
Jansen Harkins,WPG,C,77,7,6,13,-8,15,67,0,0,0,0,0,51,18
Vince Dunn,SEA,D,73,7,28,35,-21,63,121,0,2,9,0,0,76,82
Darren Helm,COL,C,68,7,8,15,-5,14,93,1,0,0,1,1,114,27
Andrew Ladd,ARI,LW,51,7,5,12,-20,47,57,0,3,1,0,0,68,33
Ryan Suter,DAL,D,82,7,25,32,1,40,118,0,4,9,0,0,46,88
Drew Doughty,LA,D,39,7,24,31,4,30,99,1,4,9,0,0,60,53
Dmitry Kulikov,ANH,D,80,7,17,24,23,39,74,2,0,0,0,0,100,103
Johan Larsson,FA,C,43,7,14,21,-4,32,44,1,2,1,0,0,70,25
Nick Bjugstad,ARI,C,57,7,6,13,-2,20,81,0,1,0,0,0,99,14
Brendan Gallagher,MON,RW,56,7,17,24,-7,69,142,0,5,2,0,0,54,29
Tyson Barrie,EDM,D,73,7,34,41,3,18,149,0,3,18,0,1,27,73
Matt Dumba,MIN,D,57,7,20,27,9,47,116,1,1,4,0,0,114,84
Josh Manson,COL,D,67,6,10,16,-11,65,92,0,0,0,0,0,179,70
Matt Nieto,SJ,LW,70,6,11,17,-20,19,82,0,0,0,0,0,96,47
Mattias Ekholm,NSH,D,76,6,25,31,14,44,145,1,0,4,0,1,79,96
Joel Armia,MON,RW,60,6,8,14,-15,14,103,0,1,2,1,0,104,27
Sean Couturier,PHI,C,29,6,11,17,-6,14,79,2,2,3,0,1,22,18
Erik Gudbranson,CLS,D,78,6,11,17,15,68,129,0,0,0,0,0,145,92
John Klingberg,ANH,D,74,6,41,47,-28,34,139,2,1,19,0,0,57,77
Zack Kassian,ARI,RW,58,6,13,19,2,63,58,1,2,0,0,0,154,6
Chris Tanev,CGY,D,82,6,22,28,35,22,88,3,0,0,0,0,52,158
Justin Braun,PHI,D,69,6,12,18,2,36,73,0,0,0,0,0,87,121
Jeff Petry,PIT,D,68,6,21,27,-11,36,124,1,0,3,0,1,140,117
Cal Clutterbuck,NYI,RW,59,6,9,15,-6,10,74,1,0,0,1,0,229,23
Trevor Lewis,CGY,C,80,6,10,16,-1,12,108,1,0,1,1,0,176,40
Nicklas Backstrom,WAS,C,47,6,25,31,-8,12,68,1,1,13,0,0,16,16
Jakub Voracek,CLS,LW,79,6,56,62,-13,44,147,2,2,23,0,0,27,28
Brandon Carlo,BOS,D,79,6,9,15,2,31,125,0,0,1,1,0,143,104
Adam Erne,DET,RW,79,6,13,19,-22,34,108,1,0,0,0,0,161,43
Ryan Graves,NJ,D,75,6,22,28,-9,24,111,0,0,0,0,0,90,135
Jonathan Drouin,MON,C,34,6,14,20,-9,23,62,0,0,4,0,0,27,11
Colton Parayko,STL,D,80,6,29,35,16,18,135,2,0,1,0,0,72,169
Chris Tierney,FLA,C,70,6,12,18,-12,14,72,2,3,2,0,0,42,30
Jordan Martinook,CAR,LW,59,6,9,15,1,22,77,2,0,0,0,0,83,11
Alex Galchenyuk,FA,RW,60,6,15,21,-11,32,89,0,0,1,0,0,67,24
Philipp Kurashev,CHI,LW,67,6,15,21,-16,12,86,1,2,3,0,0,31,30
Artem Zub,OTT,D,81,6,16,22,1,60,92,0,0,0,0,0,155,124
Dryden Hunt,NYR,LW,76,6,11,17,-10,52,94,2,0,0,0,0,153,17
Kevin Rooney,CGY,C,61,6,6,12,-1,18,71,1,0,0,0,0,84,47
Michael McLeod,NJ,C,77,6,14,20,-13,52,78,0,0,0,0,1,145,34
Sam Steel,MIN,C,68,6,14,20,-17,16,66,1,0,3,0,0,37,27
Janne Kuokkanen,FA,LW,57,6,11,17,-10,10,64,1,1,0,1,0,33,22
Kieffer Bellows,NYI,LW,45,6,13,19,-1,19,79,2,0,4,0,0,103,14
Brandon Duhaime,MIN,LW,80,6,11,17,-2,122,91,1,0,0,0,0,201,18
Emil Bemstrom,CLS,C,41,6,5,11,-1,4,62,1,0,0,0,0,36,6
Max Comtois,ANH,LW,52,6,10,16,-17,46,72,0,0,2,0,0,111,17
Casey Mittelstadt,BUF,C,40,6,13,19,-14,4,79,1,1,6,0,0,19,12
Miro Heiskanen,DAL,D,70,5,31,36,3,24,156,1,3,8,0,0,52,92
Gabriel Vilardi,LA,C,25,5,2,7,-5,8,41,1,2,0,0,0,6,9
Timothy Liljegren,TOR,D,61,5,18,23,15,14,79,0,1,1,0,0,87,60
Morgan Frost,PHI,C,55,5,11,16,-11,14,85,0,1,1,0,0,44,29
Mackenzie Entwistle,CHI,RW,55,5,7,12,-16,23,34,0,0,0,1,0,129,22
Adam Ruzicka,CGY,C,28,5,5,10,8,8,33,0,0,0,0,0,24,8
Noah Cates,PHI,LW,16,5,4,9,4,4,23,1,1,0,0,0,21,6
Ty Smith,PIT,D,66,5,15,20,-26,22,77,0,0,4,0,0,45,73
Rasmus Kupari,LA,C,57,5,8,13,-5,18,51,1,1,2,1,0,68,17
Rasmus Sandin,TOR,D,51,5,11,16,9,4,46,3,0,3,0,0,88,39
Jasper Weatherby,SJ,C,50,5,6,11,-14,18,45,0,1,1,0,0,52,24
Filip Hronek,DET,D,78,5,33,38,-29,36,133,0,2,5,0,0,70,81
Samuel Girard,COL,D,67,5,23,28,-4,20,79,1,0,7,0,0,65,90
Vinni Lettieri,BOS,C,31,5,5,10,-8,6,50,0,2,3,0,0,40,17
Matthew Highmore,STL,C,46,5,7,12,1,14,61,0,1,0,0,0,41,38
Zach Aston-Reese,TOR,C,69,5,10,15,9,28,78,0,0,0,0,0,231,42
Michael Pezzetta,MON,C,51,5,6,11,-7,81,49,0,0,0,0,0,156,8
Vladislav Gavrikov,CLS,D,80,5,28,33,-3,68,108,1,0,0,0,1,124,138
Adam Gaudette,TOR,C,58,5,9,14,-9,17,94,1,2,0,0,0,72,10
Bowen Byram,COL,D,30,5,12,17,7,12,49,2,1,0,0,0,53,26
Quinton Byfield,LA,C,40,5,5,10,-7,20,39,1,0,1,0,0,20,11
Brendan Gaunce,CLS,C,30,5,2,7,2,12,44,0,0,0,0,0,42,9
Devin Shore,EDM,C,49,5,6,11,-4,10,36,0,0,0,1,0,67,21
Seth Jones,CHI,D,78,5,46,51,-37,28,194,0,0,19,0,1,99,155
Nick Jensen,WAS,D,76,5,16,21,32,21,88,1,0,0,0,0,135,92
Brett Kulak,EDM,D,74,5,16,21,-4,45,92,0,0,0,0,1,103,63
Jason Dickinson,VAN,C,62,5,6,11,-1,19,66,0,0,0,0,0,101,43
Ryan Pulock,NYI,D,56,5,16,21,0,2,122,0,2,4,0,1,86,130
Christian Fischer,ARI,RW,53,5,5,10,-15,14,76,0,1,0,0,0,91,22
Caleb Jones,CHI,D,51,5,10,15,-3,18,57,1,0,1,0,0,77,58
Ethan Bear,CAR,D,58,5,9,14,1,20,97,2,0,1,0,0,55,41
Sam Lafferty,CHI,RW,56,5,8,13,-16,33,80,1,0,0,0,0,137,26
Anders Bjork,BUF,LW,58,5,3,8,-14,10,51,0,0,0,0,0,11,16
Ryan Reaves,NYR,RW,69,5,8,13,-13,43,44,0,0,0,0,0,279,16
Joe Thornton,FA,C,34,5,5,10,-10,10,26,1,3,0,0,0,20,10
Luke Schenn,VAN,D,66,5,12,17,15,61,78,1,0,0,1,0,273,96
Wayne Simmonds,TOR,RW,72,5,11,16,-7,96,79,2,0,1,0,0,148,11
Nick Holden,OTT,D,76,5,14,19,0,12,75,1,0,0,0,0,115,112
P.K. Subban,FA,D,77,5,17,22,-8,82,114,1,0,0,0,1,69,90
Oliver Ekman-Larsson,VAN,D,79,5,24,29,5,52,168,1,3,7,0,0,105,79
Jonas Brodin,MIN,D,73,5,25,30,9,18,126,1,1,6,0,1,42,126
Jakob Silfverberg,ANH,RW,53,5,16,21,-3,30,120,0,1,4,0,0,16,40
Ryan Dzingel,CAR,C,32,5,3,8,-5,35,32,1,0,0,0,0,20,9
Cody Ceci,EDM,D,78,5,23,28,8,14,102,0,0,0,0,3,117,121
Radek Faksa,DAL,C,77,5,14,19,-20,52,89,1,1,0,1,1,129,68
Hampus Lindholm,BOS,D,71,5,22,27,10,46,142,1,1,4,0,1,70,92
Chris Wideman,MON,D,64,4,23,27,-25,67,76,1,0,12,0,0,44,46
Connor Murphy,CHI,D,57,4,6,10,-14,47,71,1,0,0,0,0,130,150
Mike Reilly,BOS,D,70,4,13,17,-1,32,135,0,0,3,1,0,94,54
Antoine Roussel,FA,LW,53,4,4,8,-16,59,59,1,0,0,0,0,74,34
Jani Hakanpaa,DAL,D,80,4,8,12,1,43,68,0,0,0,0,1,248,112
Jon Merrill,MIN,D,69,4,16,20,15,22,59,0,0,0,0,0,46,112
Derek Forbort,BOS,D,76,4,10,14,2,48,64,1,0,0,0,1,133,100
Riley Sheahan,BUF,C,69,4,13,17,6,2,69,0,0,0,0,2,16,28
Paul Byron,MON,C,27,4,3,7,-8,2,33,2,0,0,0,0,66,7
Mathieu Perreault,FA,C,25,4,5,9,2,4,27,0,0,1,0,0,35,11
Travis Hamonic,OTT,D,43,4,6,10,6,14,82,0,0,0,0,0,73,93
Cody Eakin,CGY,C,69,4,8,12,-15,22,74,1,1,1,0,1,33,29
T.J. Brodie,TOR,D,82,4,24,28,20,34,68,0,0,1,0,2,53,106
Calvin de Haan,CAR,D,69,4,4,8,-21,33,107,0,0,0,0,0,146,172
Andrew Cogliano,COL,LW,74,4,12,16,-18,20,75,0,0,0,1,1,104,31
Brad Richardson,FA,C,44,4,4,8,-1,35,31,1,0,0,0,0,59,20
Alexander Radulov,FA,RW,71,4,18,22,-20,30,92,2,1,7,0,0,43,48
Ryan McDonagh,NSH,D,71,4,22,26,15,16,85,0,0,1,0,0,96,137
Brendan Smith,NJ,D,45,4,4,8,6,36,63,1,0,0,0,0,73,40
Dysin Mayo,ARI,D,67,4,8,12,-22,27,76,0,0,0,0,0,129,133
Max Willman,PHI,LW,41,4,2,6,-13,16,65,0,0,0,0,0,53,10
Jacob Middleton,MIN,D,66,4,10,14,10,82,73,0,0,1,0,1,118,124
Brendan Perlini,FA,LW,23,4,1,5,-2,6,24,0,0,0,0,0,29,3
Rasmus Andersson,CGY,D,82,4,46,50,30,28,152,1,2,17,0,1,63,125
Nikita Zadorov,CGY,D,74,4,18,22,11,77,106,0,0,0,0,0,181,49
Laurent Dauphin,ARI,C,38,4,8,12,-10,25,50,0,0,0,0,0,31,27
Patrick Brown,PHI,C,44,4,5,9,-16,11,51,0,0,0,0,0,100,36
Jaccob Slavin,CAR,D,79,4,38,42,35,10,165,0,1,6,0,2,50,121
Carter Rowney,FA,C,26,4,2,6,-4,0,15,0,0,0,0,1,36,20
Nate Schmidt,WPG,D,77,4,28,32,-4,10,117,1,1,10,0,1,37,104
Chad Ruhwedel,PIT,D,78,4,9,13,2,14,82,0,0,0,0,0,149,86
Esa Lindell,DAL,D,76,4,21,25,4,12,136,0,0,3,1,2,111,148
Matt Grzelcyk,BOS,D,73,4,20,24,22,24,118,2,0,5,0,0,40,83
Justin Schultz,SEA,D,74,4,19,23,-15,16,92,1,2,3,0,0,40,87
Jake McCabe,CHI,D,75,4,18,22,-27,33,80,0,0,0,0,0,166,167
Jamie Drysdale,ANH,D,81,4,28,32,-26,16,137,1,0,12,0,0,40,72
Janis Moser,ARI,D,43,4,11,15,-10,16,40,1,1,1,0,0,32,55
Joe Snively,WAS,LW,12,4,3,7,3,2,21,0,1,0,0,0,2,3
Henrik Borgstrom,WAS,C,52,4,3,7,-14,22,41,0,0,1,0,0,26,19
Logan Brown,STL,C,39,4,7,11,-3,8,34,0,0,1,0,0,22,13
Michael Carcone,ARI,C,21,4,2,6,-8,14,36,0,0,0,0,0,31,7
Klim Kostin,STL,RW,40,4,5,9,-3,23,31,1,0,0,0,0,90,9
Ryan Lindgren,NYR,D,78,4,11,15,18,48,73,1,0,0,0,0,129,141
Givani Smith,DET,LW,46,4,3,7,-6,108,50,0,0,0,0,0,86,20
Nicolas Hague,VGK,D,52,4,10,14,6,38,116,0,0,0,0,0,57,80
Henri Jokiharju,BUF,D,60,3,16,19,-8,20,83,0,0,4,0,0,73,60
Fabian Zetterlund,NJ,LW,14,3,5,8,5,0,36,0,0,0,0,0,16,7
Sean Durzi,LA,D,64,3,24,27,-9,55,119,0,2,13,0,1,74,121
Alexander Romanov,NYI,D,79,3,10,13,-9,53,107,0,0,0,0,0,227,144
Alex Barre-Boulet,TB,C,16,3,3,6,0,4,16,0,0,1,0,0,10,3
Karson Kuhlman,SEA,C,44,3,7,10,-2,6,68,0,0,0,0,0,71,20
Dylan Gambrell,OTT,C,63,3,4,7,2,12,58,0,0,0,1,0,103,39
Lucas Carlsson,FLA,D,40,3,6,9,3,10,41,0,0,0,0,0,39,29
Josh Mahura,ANH,D,38,3,4,7,-14,12,36,0,0,0,0,0,63,51
Jeffrey Viel,SJ,LW,34,3,2,5,-2,114,30,0,0,0,0,0,84,11
Zack MacEwen,PHI,C,75,3,6,9,-15,110,82,1,0,0,0,0,159,32
Dylan Coghlan,CAR,D,59,3,10,13,-5,18,108,1,2,2,0,0,62,61
Matt Luff,DET,RW,23,3,3,6,3,4,26,1,0,0,0,0,29,4
Neal Pionk,WPG,D,77,3,31,34,5,46,140,1,1,11,0,0,185,91
Jan Rutta,PIT,D,76,3,15,18,25,47,86,0,0,0,0,0,93,71
Dante Fabbro,NSH,D,66,3,21,24,13,24,88,0,0,0,0,0,69,105
Julien Gauthier,NYR,RW,49,3,4,7,-9,8,69,1,0,0,0,0,98,14
Boris Katchouk,CHI,LW,59,3,4,7,-7,39,58,1,0,0,0,0,138,20
Nolan Foote,NJ,LW,7,3,1,4,3,0,10,0,0,0,0,0,8,1
Cam York,PHI,D,30,3,7,10,-14,6,33,0,1,3,0,0,20,40
Brett Leason,WAS,RW,36,3,3,6,1,4,45,0,0,0,0,0,16,14
Alexei Protas,WAS,C,33,3,6,9,4,0,34,0,0,1,0,0,20,12
Drew O'Connor,PIT,C,22,3,2,5,-1,4,40,0,0,0,0,0,12,7
Matty Beniers,SEA,C,10,3,6,9,-1,0,18,0,2,2,0,0,7,4
Marc McLaughlin,BOS,C,11,3,0,3,-1,8,12,0,0,0,0,0,15,2
Erik Gustafsson,WAS,D,59,3,15,18,-4,14,79,0,0,4,0,0,45,55
Jujhar Khaira,CHI,C,27,3,0,3,-4,13,32,0,0,0,0,0,88,14
Adam Pelech,NYI,D,78,3,25,28,20,42,104,0,0,0,0,2,99,128
Ben Hutton,VGK,D,58,3,10,13,7,32,78,0,0,0,0,0,49,72
Ryan Carpenter,NYR,C,67,3,9,12,-11,36,67,2,0,1,0,0,136,44
Niko Mikkola,STL,D,54,3,10,13,-6,55,58,0,0,0,1,0,109,81
Dominik Simon,FA,C,72,3,10,13,0,34,88,1,0,1,0,0,72,38
Alexandre Carrier,NSH,D,77,3,27,30,26,50,95,0,1,3,0,1,95,124
Colin White,FLA,C,24,3,7,10,-11,4,47,1,2,5,0,0,28,4
Tomas Nosek,BOS,LW,75,3,14,17,-9,32,84,1,0,0,0,2,85,34
Jake Walman,DET,D,51,3,7,10,-3,10,87,0,0,1,0,0,47,58
Kevin Labanc,SJ,RW,21,3,3,6,-4,6,36,1,2,2,0,0,28,9
Dean Kukan,FA,D,41,3,8,11,-2,16,41,0,0,0,0,0,43,39
Noel Acciari,STL,C,20,3,5,8,2,11,32,1,0,0,0,0,48,16
Dakota Joshua,VAN,LW,30,3,5,8,6,16,31,2,0,0,0,0,77,10
Alexander Edler,LA,D,41,3,16,19,18,34,54,1,0,0,0,1,56,70
Marc Staal,FLA,D,71,3,13,16,-1,28,76,1,0,0,0,0,94,75
Marc-Edouard Vlasic,SJ,D,75,3,11,14,-22,18,63,0,0,0,0,0,54,90
Ryan Getzlaf,FA,C,56,3,34,37,-14,29,104,1,2,9,0,0,89,56
Loui Eriksson,FA,RW,73,3,16,19,-18,6,81,0,0,1,1,0,17,23
Nick Leddy,STL,D,75,3,21,24,-30,22,71,0,0,6,0,0,37,67
Matt Martin,NYI,LW,71,3,4,7,-2,70,66,0,0,0,0,0,235,26
Jake Muzzin,TOR,D,47,3,11,14,-6,16,75,0,0,0,0,1,105,60
David Savard,MON,D,62,3,14,17,-22,36,66,0,0,0,0,1,134,127
Alec Martinez,VGK,D,26,3,5,8,6,4,32,0,0,0,0,0,26,68
Zach Bogosian,TB,D,48,3,5,8,2,53,60,1,0,0,0,0,114,34
Michael Del Zotto,FLA,D,26,3,10,13,-4,4,35,0,1,1,0,0,42,34
Tyler Bozak,FA,C,50,3,9,12,-11,14,46,1,0,1,1,1,20,21
Marco Scandella,STL,D,70,3,11,14,17,18,76,0,0,0,0,2,106,70
Mark Pysyk,DET,D,68,3,9,12,-4,16,64,0,0,0,0,0,41,85
Justin Holl,TOR,D,69,3,20,23,14,41,64,1,0,0,1,2,129,104
Carl Hagelin,WAS,LW,53,3,11,14,10,20,71,1,0,0,0,1,32,12
Tyler Johnson,CHI,C,26,3,4,7,-8,12,30,0,0,2,0,0,37,7
Brenden Dillon,WPG,D,79,3,17,20,16,67,85,0,0,0,0,0,212,108
Radko Gudas,FLA,D,77,3,13,16,27,105,100,0,0,0,1,0,355,118
Brayden McNabb,VGK,D,69,3,15,18,10,42,85,0,0,0,0,1,154,179
Brett Ritchie,CGY,RW,41,3,1,4,-6,29,55,0,0,0,0,0,78,5
Joel Edmundson,MON,D,24,3,3,6,-1,35,32,0,0,0,0,0,61,45
Scott Mayfield,NYI,D,61,3,15,18,-5,55,80,2,0,0,0,1,77,109
Brian Dumoulin,PIT,D,76,3,15,18,24,24,91,0,0,0,0,0,88,139
Brad Hunt,COL,D,50,3,14,17,-3,12,67,0,0,2,0,0,22,48
Gregory Hofmann,FA,LW,24,2,5,7,6,8,33,2,0,0,0,0,23,10
Michael Sgarbossa,WAS,LW,10,2,2,4,3,0,11,0,0,0,0,0,7,2
Justin Dowling,VAN,C,22,2,2,4,-3,2,17,0,0,0,0,0,10,9
Patrik Nemeth,ARI,D,63,2,5,7,-9,28,52,1,0,0,0,0,115,102
Greg McKegg,EDM,C,43,2,3,5,-11,6,25,0,0,0,0,1,50,22
Joonas Donskoi,SEA,RW,75,2,20,22,-10,14,89,0,0,3,0,1,36,31
Michael Stone,CGY,D,11,2,4,6,3,4,24,1,1,1,0,0,26,17
Colton Sceviour,FA,RW,35,2,3,5,-6,26,38,0,0,0,0,1,41,20
Zdeno Chara,FA,D,72,2,12,14,8,85,81,0,0,0,0,0,125,90
James Neal,FA,RW,19,2,2,4,-1,0,31,1,1,1,0,0,17,3
Kris Russell,FA,D,31,2,7,9,7,4,34,1,0,0,0,0,33,68
Andy Greene,FA,D,69,2,8,10,-13,10,52,0,0,0,0,0,39,126
Nick Foligno,BOS,LW,64,2,11,13,-13,61,99,0,0,1,0,0,164,31
Alex Goligoski,MIN,D,72,2,28,30,41,34,80,0,0,4,0,0,56,96
Ian Cole,TB,D,75,2,17,19,15,83,77,1,0,0,0,1,110,104
Austin Czarnik,DET,C,17,2,5,7,5,0,14,0,0,0,0,0,3,7
Liam O'Brien,ARI,C,39,2,1,3,1,106,36,0,0,0,0,0,139,10
Marcus Pettersson,PIT,D,72,2,17,19,8,38,83,0,0,0,0,0,122,74
Haydn Fleury,TB,D,36,2,2,4,0,13,52,1,0,0,0,0,60,62
Gabriel Carlsson,WAS,D,38,2,7,9,6,10,18,0,0,0,0,0,27,33
Nicolas Meloche,CGY,D,50,2,5,7,-17,39,36,1,0,0,0,1,158,54
Will Borgen,SEA,D,36,2,6,8,1,28,49,0,0,0,0,0,89,33
Travis Dermott,VAN,D,60,2,5,7,9,14,46,1,0,0,0,0,55,46
Jeremy Lauzon,NSH,D,66,2,5,7,-6,81,75,0,0,0,0,0,224,63
Kyle Capobianco,WPG,D,45,2,7,9,-12,38,40,1,1,1,0,0,43,46
Jordan Oesterle,DET,D,45,2,6,8,-7,4,63,1,0,0,0,0,27,44
Joel Hanley,DAL,D,44,2,4,6,-13,4,18,0,0,0,0,0,60,43
Ross Johnston,NYI,LW,32,2,5,7,-3,44,9,0,0,0,0,0,90,16
Connor Clifton,BOS,D,60,2,8,10,-2,32,80,0,0,0,0,0,156,62
Anton Blidh,COL,LW,32,2,7,9,-3,24,28,0,0,0,0,0,82,17
Will Butcher,DAL,D,37,2,6,8,-10,0,35,0,0,2,0,0,11,32
John Hayden,SEA,C,55,2,2,4,-12,84,65,0,0,0,0,0,104,24
Rasmus Ristolainen,PHI,D,66,2,14,16,-9,38,97,0,0,1,0,0,230,125
Colin Miller,DAL,D,38,2,12,14,-2,21,48,0,0,3,0,0,50,42
Jaycob Megna,SJ,D,44,2,6,8,-1,16,40,0,0,0,0,0,71,92
Kurtis MacDermid,COL,D,58,2,3,5,1,89,46,0,0,0,0,0,105,22
Martin Frk,STL,RW,6,2,0,2,-4,2,15,0,2,0,0,0,11,0
Mark Jankowski,NSH,C,19,2,3,5,2,4,14,1,0,0,0,0,5,8
Cole Perfetti,WPG,LW,18,2,5,7,1,0,21,1,0,1,0,0,17,2
Owen Power,BUF,D,8,2,1,3,3,2,10,0,0,0,0,0,1,9
Mason McTavish,ANH,C,9,2,1,3,3,2,12,1,0,1,0,0,8,6
Radim Zohorna,CGY,RW,17,2,4,6,12,4,9,0,0,0,0,0,23,3
Braden Schneider,NYR,D,43,2,9,11,5,9,25,0,0,1,0,0,60,52
Corey Schueneman,MON,D,24,2,4,6,-5,8,30,0,0,1,0,0,15,40
Jordan Spence,LA,D,24,2,6,8,0,2,41,1,0,2,0,0,32,29
Ronnie Attard,PHI,D,15,2,2,4,-2,8,16,0,0,0,0,0,24,17
Arttu Ruotsalainen,BUF,C,18,2,2,4,-1,6,23,0,0,0,0,0,14,6
Andrew Peeke,CLS,D,82,2,13,15,-14,60,72,0,0,0,0,0,191,169
Drake Caggiula,PIT,LW,18,2,3,5,-4,4,23,1,0,1,0,0,17,7
Matt Roy,LA,D,67,2,19,21,23,28,153,0,0,2,0,2,124,103
Ilya Lyubushkin,BUF,D,77,2,13,15,-2,51,54,0,0,0,0,1,187,92
Nikita Zaitsev,OTT,D,62,2,9,11,-7,28,65,0,0,0,0,2,128,103
Calle Rosen,STL,D,18,2,5,7,-2,4,18,0,0,0,0,0,6,16
Oskar Steen,BOS,C,20,2,4,6,-1,6,25,0,0,0,0,0,32,8
Riley Stillman,CHI,D,52,2,10,12,-8,36,49,1,0,0,0,0,122,67
Axel Jonsson-Fjallby,WAS,LW,23,2,2,4,0,4,29,0,0,0,0,0,18,8
Adam Brooks,PHI,C,25,2,1,3,2,2,14,2,0,0,0,0,11,6
Brett Murray,BUF,LW,19,2,4,6,-3,23,14,0,0,1,0,0,17,2
Kale Clague,BUF,D,36,2,8,10,-10,20,26,0,0,3,0,0,14,23
Morgan Barron,WPG,LW,27,2,3,5,-4,8,33,0,0,0,0,0,49,8
Sheldon Dries,VAN,C,11,2,1,3,-3,0,17,1,1,0,0,0,9,6
Mark Kastelic,OTT,C,16,2,2,4,-1,14,11,1,0,0,0,0,51,10
Jesse Ylonen,MON,LW,14,2,3,5,2,2,16,0,0,0,0,0,5,4
Jack Drury,CAR,C,2,2,0,2,3,2,6,0,0,0,0,0,4,2
Calen Addison,MIN,D,15,2,2,4,-4,2,17,0,0,0,0,0,12,6
Jack McBain,ARI,C,10,2,1,3,-6,6,13,0,0,0,0,0,33,9
Jan Jenik,ARI,C,13,2,1,3,-6,11,22,1,0,0,0,0,25,4
Paul Cotter,VGK,C,7,2,0,2,1,6,11,0,0,0,0,0,17,1
Nathan Smith,ARI,C,10,2,2,4,-1,2,14,0,0,0,0,0,26,6
Connor Dewar,MIN,C,35,2,4,6,-4,25,44,1,0,1,0,0,48,22
Jonas Rondbjerg,VGK,RW,30,2,4,6,0,4,30,0,0,0,0,0,13,11
Mikey Anderson,LA,D,57,2,6,8,6,8,58,1,0,0,0,0,133,69
Kole Lind,SEA,RW,23,2,6,8,-1,12,31,0,0,0,0,0,18,10
Jake Leschyshyn,VGK,C,41,2,4,6,-2,8,35,0,0,0,0,0,45,23
Sebastian Aho,NYI,D,36,2,10,12,-6,10,34,0,0,2,0,0,32,42
Marian Studenic,DAL,RW,33,2,2,4,-7,6,42,0,0,0,0,0,25,15
Alexei Toropchenko,STL,RW,28,2,0,2,-9,15,43,0,0,0,0,0,69,21
Mario Ferraro,SJ,D,63,2,12,14,-5,16,49,1,0,0,0,0,140,151
Kristian Vesalainen,WPG,LW,53,2,1,3,-8,6,43,0,0,0,0,0,72,14
Cal Foote,TB,D,56,2,7,9,6,29,49,0,0,0,0,0,83,57
Nolan Patrick,VGK,C,25,2,5,7,1,6,34,0,0,1,0,0,26,3
Lias Andersson,LA,LW,20,1,1,2,-7,12,29,1,0,1,0,0,23,3
Isaac Ratcliffe,PHI,LW,10,1,3,4,-1,10,14,0,0,2,0,0,16,8
Gustav Lindstrom,DET,D,63,1,12,13,-12,22,41,0,0,0,0,0,59,77
Robin Salo,NYI,D,21,1,4,5,-6,4,24,0,0,2,0,0,7,23
Jacob Bryson,BUF,D,73,1,9,10,-9,12,43,0,1,6,0,0,55,73
Jonah Gadjovich,SJ,LW,43,1,2,3,-9,74,36,0,0,0,0,0,104,14
Alec Regula,CHI,D,15,1,0,1,-1,12,18,0,0,0,0,0,21,21
Jordan Harris,MON,D,10,1,0,1,3,8,9,0,0,0,0,0,10,11
Gabriel Fortier,TB,LW,10,1,0,1,-2,4,14,0,0,0,0,0,24,5
Benoit-Olivier Groulx,ANH,C,18,1,2,3,0,2,17,0,0,0,0,0,19,6
Kevin Bahl,NJ,D,17,1,3,4,-6,10,16,0,0,0,0,0,28,15
Nils Lundkvist,DAL,D,25,1,3,4,4,0,32,0,1,1,0,0,15,15
Ryan Merkley,SJ,D,39,1,5,6,-10,8,36,0,0,2,0,0,12,22
Carson Meyer,CLS,RW,13,1,2,3,0,6,13,0,0,0,0,0,27,2
Kiefer Sherwood,NSH,LW,11,1,1,2,3,0,9,1,0,0,0,0,12,4
Riley Tufte,DAL,LW,10,1,0,1,0,4,5,0,0,0,0,0,9,4
Kasper Bjorkqvist,PIT,RW,6,1,0,1,-1,2,8,0,0,0,0,0,9,2
Garrett Pilon,WAS,C,2,1,0,1,1,0,1,0,0,0,0,0,2,0
Beck Malenstyn,WAS,C,12,1,0,1,2,9,10,0,0,0,0,0,34,7
Radim Simek,SJ,D,36,1,1,2,-13,8,25,0,0,0,0,0,96,39
Michal Kempny,SEA,D,15,1,1,2,-3,16,10,0,0,0,0,0,22,19
Troy Stecher,ARI,D,29,1,2,3,-7,13,50,0,0,0,0,0,33,38
Philippe Myers,TB,D,27,1,3,4,5,12,28,0,0,0,0,0,50,17
John Marino,NJ,D,81,1,24,25,1,23,90,0,0,2,0,2,73,88
Bokondji Imama,ARI,LW,4,1,0,1,-2,5,3,0,0,0,0,0,10,0
Ethan Prow,FA,D,4,1,0,1,-1,0,2,0,0,0,0,0,2,3
Logan Stanley,WPG,D,58,1,12,13,1,44,80,1,0,0,0,1,131,100
Tyler Benson,EDM,LW,29,1,1,2,-5,18,18,0,0,0,0,0,45,3
Joel Kiviranta,DAL,RW,56,1,6,7,-6,10,59,0,0,0,0,0,97,23
Grant Hutton,NYI,D,16,1,0,1,-1,4,22,0,0,0,0,0,15,12
Trey Fix-Wolansky,CLS,RW,6,1,1,2,-1,0,5,0,0,0,0,0,7,4
Philip Broberg,EDM,D,23,1,2,3,-8,8,29,0,0,0,0,0,10,10
Riley Damiani,DAL,C,7,1,1,2,0,2,10,0,0,0,0,0,4,0
John Leonard,NSH,C,14,1,1,2,-5,0,25,0,0,1,0,0,13,8
Reese Johnson,CHI,RW,37,1,5,6,-13,16,24,0,0,0,0,0,141,14
Taro Hirose,DET,LW,15,1,3,4,-5,4,10,0,1,1,0,0,9,2
Kristian Reichel,WPG,C,13,1,1,2,-2,7,18,0,0,0,0,0,14,10
Rafael Harvey-Pinard,MON,LW,4,1,0,1,-2,0,6,0,0,0,0,0,12,3
Simon Benoit,ANH,D,53,1,4,5,-5,22,45,0,0,0,0,0,168,39
Jake Christiansen,CLS,D,8,1,0,1,1,0,4,0,0,0,0,0,9,6
Vladislav Kolyachonok,ARI,D,32,1,2,3,0,6,24,0,0,0,0,0,39,36
Nick Robertson,TOR,LW,10,1,0,1,-4,4,14,0,0,0,0,0,10,2
Nikita Okhotyuk,NJ,D,5,1,1,2,-2,2,5,0,0,0,0,0,16,1
Matias Maccelli,ARI,LW,23,1,5,6,-10,4,21,0,0,1,0,0,12,8
Nick Abruzzese,TOR,C,9,1,0,1,-1,2,8,1,0,0,0,0,7,3
Alex Vlasic,CHI,D,15,1,1,2,-2,2,12,0,0,0,0,0,15,16
Thomas Harley,DAL,D,34,1,3,4,-4,6,36,0,0,0,0,0,30,30
Hendrix Lapierre,WAS,C,6,1,0,1,2,2,7,0,0,0,0,0,1,2
Justin Barron,MON,D,7,1,1,2,-3,0,13,0,0,0,0,0,5,5
Jake Neighbours,STL,LW,9,1,1,2,-2,2,8,1,0,0,0,0,10,1
Jack Quinn,BUF,C,2,1,1,2,0,0,6,0,1,0,0,0,0,1
Jack Ahcan,BOS,D,6,1,0,1,-3,0,5,0,1,0,0,0,8,5
Jesper Froden,SEA,RW,7,1,0,1,4,2,10,0,0,0,0,0,8,5
Jackson Cates,PHI,C,11,1,0,1,-2,0,8,0,0,0,0,0,4,3
Matt Kiersted,FLA,D,10,1,1,2,-8,2,11,0,0,0,0,0,10,17
Ben Meyers,COL,LW,5,1,0,1,-2,0,8,0,0,0,0,0,1,1
Nick Blankenburg,CLS,D,7,1,2,3,-3,4,13,1,1,0,0,0,19,12
Olli Maatta,DET,D,66,1,7,8,17,10,61,0,0,0,0,0,67,94
Andrej Sustr,MIN,D,38,1,5,6,-4,16,28,0,0,0,0,0,27,36
Buddy Robinson,CHI,RW,32,1,5,6,2,19,38,0,0,0,0,0,56,12
Robert Hagg,DET,D,64,1,8,9,-9,35,59,0,0,0,0,0,138,102
Tucker Poolman,VAN,D,40,1,2,3,2,12,47,0,0,0,0,0,33,73
Jonny Brodzinski,NYR,RW,22,1,1,2,1,10,34,0,0,0,0,0,8,8
Kyle Burroughs,VAN,D,42,1,4,5,-3,39,39,0,0,0,0,0,122,59
Trevor van Riemsdyk,WAS,D,72,1,16,17,-3,40,75,0,0,0,0,1,25,129
Jonas Siegenthaler,NJ,D,70,1,13,14,-5,42,92,0,0,0,0,1,98,106
Christian Wolanin,VAN,D,9,1,1,2,-1,2,5,0,0,0,0,0,5,13
Thomas Novak,NSH,C,27,1,6,7,-4,2,25,0,1,3,0,0,4,6
Lukas Vejdemo,FA,C,6,1,0,1,-3,0,10,0,0,0,0,0,7,4
Erik Cernak,TB,D,55,1,12,13,7,46,86,0,0,0,0,0,165,73
A.J. Greer,BOS,LW,9,1,1,2,0,2,14,0,0,0,0,0,20,3
Nicholas Merkley,NYR,C,9,1,2,3,-2,0,7,0,0,1,0,0,9,2
Mark Friedman,PIT,D,26,1,4,5,1,23,27,1,0,0,0,0,27,25
Hayden Hodgson,PHI,C,6,1,2,3,-1,11,10,0,0,0,0,0,12,2
Kyle Turris,FA,C,23,1,3,4,-5,4,21,0,0,0,0,0,13,6
Andrej Sekera,FA,D,32,1,3,4,-3,16,26,0,0,0,0,0,15,25
Keith Yandle,FA,D,77,1,18,19,-47,14,105,0,1,10,0,0,29,40
Blake Comeau,FA,LW,6,1,0,1,-1,4,2,0,0,0,0,0,13,3
Jack Johnson,CHI,D,74,1,8,9,5,42,57,0,0,0,0,1,91,68
Nate Thompson,FA,C,33,1,2,3,-15,31,23,0,0,0,0,0,49,20
Duncan Keith,FA,D,64,1,20,21,15,22,79,1,0,2,0,0,22,114
Jordie Benn,TOR,D,39,1,7,8,1,10,37,0,0,0,0,0,51,41
Tyler Myers,VAN,D,82,1,17,18,15,66,128,0,0,1,0,0,145,148
Jay Beagle,FA,C,33,1,1,2,-20,27,24,0,0,0,0,0,50,16
Kevin Connauton,PHI,D,39,1,2,3,-3,4,30,0,0,0,0,0,74,32
Matt Irwin,WAS,D,17,1,3,4,0,6,29,0,0,0,0,0,36,21
Robert Bortuzzo,STL,D,73,1,5,6,-4,36,47,0,0,0,0,0,135,98
Kyle Clifford,TOR,LW,25,1,3,4,-5,31,29,0,0,0,0,0,50,5
Ryan Ellis,PHI,D,4,1,4,5,2,0,6,0,0,2,0,0,1,6
Tyler Pitlick,STL,C,39,1,4,5,-11,6,36,0,0,0,0,0,70,26
Jarred Tinordi,NYR,D,7,1,0,1,-5,7,5,1,0,0,0,0,17,8
Brad Malone,EDM,C,8,1,1,2,-2,2,7,0,0,0,0,0,22,1
Nick Seeler,PHI,D,43,1,2,3,-3,29,32,0,0,0,0,0,75,67
Logan Shaw,FA,RW,17,1,2,3,-3,2,17,0,0,0,0,0,11,5
Andy Andreoff,NYI,C,6,1,0,1,-1,0,6,0,0,0,0,0,11,1
Josh Leivo,STL,LW,7,1,2,3,1,2,10,0,0,0,0,0,4,1
Jamie Oleksiak,SEA,D,72,1,16,17,-1,54,95,0,0,0,0,1,182,86
Greg Pateryn,FA,D,10,1,1,2,0,10,16,0,0,0,0,0,18,7
Dylan DeMelo,WPG,D,76,1,12,13,10,28,78,0,0,0,1,1,113,108
Matthew Peca,STL,C,5,0,1,1,-1,0,3,0,0,0,0,0,3,1
Max McCormick,SEA,LW,10,0,0,0,1,10,8,0,0,0,0,0,11,3
Josh Archibald,PIT,RW,8,0,1,1,-2,7,4,0,0,0,0,0,27,2
Turner Elson,NYR,LW,2,0,0,0,-1,0,1,0,0,0,0,0,3,1
Matt Tennyson,FA,D,8,0,3,3,0,4,5,0,0,0,0,0,12,4
Leo Komarov,FA,LW,1,0,0,0,0,2,0,0,0,0,0,0,3,0
Ryan Murray,EDM,D,37,0,4,4,-3,2,26,0,0,0,0,1,32,41
Derrick Pouliot,FA,D,11,0,4,4,6,4,8,0,0,0,0,0,10,14
Slater Koekkoek,EDM,D,19,0,4,4,2,16,11,0,0,0,0,0,21,18
Dmitrij Jaskin,FA,RW,12,0,1,1,-6,4,23,0,0,0,0,0,47,9
Stefan Noesen,CAR,C,2,0,0,0,1,0,4,0,0,0,0,0,5,0
Scott Harrington,SJ,D,7,0,1,1,-4,6,5,0,0,0,0,0,8,9
Rocco Grimaldi,ANH,C,7,0,0,0,0,2,8,0,0,0,0,0,5,0
Kyle Rau,FA,C,5,0,0,0,-3,0,3,0,0,0,0,0,6,0
Joseph Cramarossa,MIN,C,1,0,1,1,0,2,1,0,0,0,0,0,1,0
T.J. Tynan,LA,C,2,0,0,0,0,0,3,0,0,0,0,0,1,2
Fredrik Claesson,FA,D,9,0,0,0,-3,0,4,0,0,0,0,0,12,6
Steven Fogarty,MIN,C,2,0,0,0,-2,2,2,0,0,0,0,0,0,0
Mark Borowiecki,NSH,D,57,0,4,4,-9,151,45,0,0,0,0,0,196,79
Sven Baertschi,FA,LW,1,0,0,0,-1,0,1,0,0,0,0,0,0,0
Nathan Beaulieu,ANH,D,24,0,4,4,-7,25,24,0,0,0,0,1,19,19
Brett Connolly,FA,RW,9,0,1,1,-3,15,6,0,0,0,0,0,7,3
Chris Wagner,BOS,RW,1,0,0,0,-1,0,2,0,0,0,0,0,11,0
John Moore,ANH,D,7,0,1,1,2,4,7,0,0,0,0,1,9,11
Richard Panik,NYI,RW,4,0,1,1,-2,0,4,0,0,1,0,0,9,2
Zac Dalpe,FLA,C,1,0,0,0,-1,0,0,0,0,0,0,0,2,1
Andrew Agozzino,SJ,LW,1,0,0,0,0,0,1,0,0,0,0,0,4,0
Alex Biega,FA,D,2,0,0,0,-2,0,2,0,0,0,0,0,5,1
Thomas Hickey,FA,D,2,0,0,0,-3,0,0,0,0,0,0,0,2,3
Riley Nash,FA,C,49,0,4,4,-5,10,36,0,0,0,0,0,46,17
Vladimir Tkachev,FA,LW,4,0,2,2,-2,2,1,0,0,2,0,0,1,0
Sammy Blais,NYR,LW,14,0,4,4,3,17,17,0,0,0,0,0,37,8
Dylan Sikura,CHI,LW,5,0,1,1,0,0,3,0,0,0,0,0,0,3
Darren Raddysh,TB,D,4,0,0,0,1,0,2,0,0,0,0,0,4,6
Tanner Kero,DAL,LW,23,0,3,3,-5,0,14,0,0,0,0,0,12,9
Jacob MacDonald,COL,D,8,0,0,0,-1,2,17,0,0,0,0,0,9,3
C.J. Suess,SJ,LW,3,0,0,0,0,2,0,0,0,0,0,0,2,5
Brandon Baddock,MIN,LW,1,0,0,0,0,0,0,0,0,0,0,0,6,0
Anthony Angello,STL,C,4,0,0,0,0,2,2,0,0,0,0,0,13,0
Clark Bishop,CGY,C,9,0,1,1,-3,6,8,0,0,0,0,0,12,3
Austin Poganski,SEA,RW,16,0,0,0,-3,7,9,0,0,0,0,0,23,5
William Lagesson,CAR,D,33,0,5,5,3,13,33,0,0,0,0,0,40,20
Chase De Leo,ANH,C,2,0,0,0,-1,0,2,0,0,0,0,0,5,0
Ryan MacInnis,FA,C,1,0,0,0,0,0,2,0,0,0,0,0,0,0
Michael Dal Colle,FA,LW,1,0,0,0,1,0,2,0,0,0,0,0,0,0
Mitchell Stephens,MON,C,27,0,6,6,-8,8,17,0,0,0,0,0,21,9
Noah Juulsen,VAN,D,8,0,2,2,-4,0,6,0,0,0,0,0,20,11
Jacob Larsson,OTT,D,6,0,1,1,-3,2,5,0,0,0,0,0,1,5
Jakub Zboril,BOS,D,10,0,3,3,1,4,13,0,0,0,0,0,24,10
Zachary Senyshyn,FA,RW,2,0,0,0,-1,2,0,0,0,0,0,0,4,0
Colton White,ANH,D,27,0,4,4,2,8,18,0,0,0,0,0,24,14
Glenn Gawdin,ANH,C,2,0,0,0,0,2,3,0,0,0,0,0,1,1
Christian Jaros,FA,D,11,0,0,0,-4,2,9,0,0,0,0,0,21,10
Chase Pearson,DET,LW,3,0,0,0,0,0,2,0,0,0,0,0,4,0
Kevin Stenlund,WPG,C,3,0,0,0,0,2,3,0,0,0,0,0,2,2
Brendan Guhle,FA,D,6,0,0,0,0,0,6,0,0,0,0,0,11,4
Guillaume Brisebois,VAN,D,1,0,0,0,-1,0,0,0,0,0,0,0,0,1
Blake Speers,FA,RW,2,0,0,0,-3,2,1,0,0,0,0,0,3,2
Tyler Lewington,BOS,D,2,0,0,0,-1,7,2,0,0,0,0,0,1,2
Josh Brown,ARI,D,52,0,6,6,-7,37,45,0,0,0,0,0,118,62
Hudson Fasching,NYI,RW,11,0,0,0,-3,0,3,0,0,0,0,0,16,6
Ben Harpur,CLS,D,19,0,1,1,-10,27,13,0,0,0,0,0,36,21
Kurtis Gabriel,FA,RW,2,0,0,0,0,0,0,0,0,0,0,0,7,0
Mason Geertsen,NJ,D,25,0,0,0,-6,77,12,0,0,0,0,0,58,7
Miles Wood,NJ,LW,3,0,0,0,-2,4,2,0,0,0,0,0,5,1
Nicolas Petan,MIN,C,18,0,2,2,-2,4,21,0,0,1,0,0,6,3
Dillon Heatherington,OTT,D,9,0,0,0,-1,7,4,0,0,0,0,0,18,2
Carl Dahlstrom,TOR,D,3,0,2,2,2,2,4,0,0,0,0,0,1,2
Justin Bailey,EDM,RW,14,0,0,0,-5,6,16,0,0,0,0,0,12,6
Madison Bowey,MON,D,2,0,0,0,-3,0,0,0,0,0,0,0,4,2
Remi Elie,FA,LW,1,0,0,0,-2,0,2,0,0,0,0,0,3,0
Frederik Gauthier,FA,C,8,0,0,0,-1,0,4,0,0,0,0,0,16,3
Danny DeKeyser,FA,D,59,0,11,11,-8,26,57,0,0,0,0,0,49,102
Alex Belzile,MON,LW,11,0,0,0,0,4,13,0,0,0,0,0,17,5
Luke Witkowski,STL,D,1,0,0,0,0,0,0,0,0,0,0,0,1,0
Scott Sabourin,OTT,RW,7,0,2,2,-2,11,4,0,0,0,0,0,14,4
Jayson Megna,COL,LW,20,0,3,3,-2,4,19,0,0,0,0,0,27,9
Riley Barber,DAL,RW,4,0,0,0,-2,2,4,0,0,0,0,0,3,1
Matt Benning,SJ,D,65,0,11,11,-24,39,61,0,0,0,0,0,82,67
Petteri Lindbohm,FLA,D,9,0,1,1,0,5,9,0,0,0,0,0,25,8
Paul LaDue,NYI,D,1,0,0,0,-2,0,1,0,0,0,0,0,2,1
Seth Griffith,EDM,RW,1,0,0,0,1,0,0,0,0,0,0,0,1,0
Danny O'Regan,ANH,C,5,0,1,1,-1,0,2,0,0,0,0,0,3,4
Stefan Matteau,FA,RW,1,0,0,0,0,0,0,0,0,0,0,0,0,0
Mackenzie MacEachern,CAR,LW,14,0,2,2,-1,4,14,0,0,0,0,0,19,1
Cedric Paquette,FA,C,24,0,2,2,-6,25,16,0,0,0,0,0,58,14
Gemel Smith,TB,C,3,0,1,1,-2,5,1,0,0,0,0,0,0,1
Walker Duehr,CGY,RW,1,0,0,0,0,0,0,0,0,0,0,0,0,0
Jeff Malott,WPG,C,1,0,0,0,0,2,0,0,0,0,0,0,3,0
Kent Johnson,CLS,C,9,0,3,3,2,2,5,0,0,2,0,0,4,1
William Eklund,SJ,LW,9,0,4,4,-3,2,8,0,0,3,0,0,4,4
Linus Sandin,PHI,RW,1,0,0,0,0,0,1,0,0,0,0,0,0,2
Bryce Kindopp,ANH,RW,1,0,0,0,0,0,2,0,0,0,0,0,0,0
Marco Rossi,MIN,C,2,0,0,0,-1,4,5,0,0,0,0,0,1,1
Mike Hardman,CHI,RW,21,0,2,2,-6,11,12,0,0,0,0,0,60,12
Alex Steeves,TOR,LW,3,0,1,1,-1,0,2,0,0,0,0,0,1,1
Jacob Perreault,ANH,RW,1,0,0,0,-1,0,0,0,0,0,0,0,0,1
Thomas Bordeleau,SJ,LW,8,0,5,5,-1,0,13,0,0,1,0,0,3,4
Isaak Phillips,CHI,D,4,0,0,0,-1,4,4,0,0,0,0,0,3,1
Cole Reinhardt,OTT,LW,1,0,0,0,0,2,1,0,0,0,0,0,2,0
Zack Hayes,VGK,D,3,0,0,0,-2,0,1,0,0,0,0,0,12,1
Jon Lizotte,PIT,D,1,0,0,0,0,2,1,0,0,0,0,0,3,4
Alexander Holtz,NJ,RW,9,0,2,2,-5,2,12,0,0,1,0,0,5,2
Adam Raska,SJ,LW,5,0,0,0,1,7,2,0,0,0,0,0,15,0
John-Jason Peterka,BUF,RW,2,0,0,0,0,0,3,0,0,0,0,0,1,2
Lukas Reichel,CHI,RW,11,0,1,1,-8,0,15,0,0,0,0,0,0,3
Brandon Biro,BUF,LW,1,0,0,0,0,0,0,0,0,0,0,0,1,0
Cole Smith,NSH,LW,8,0,0,0,-3,0,3,0,0,0,0,0,21,1
Connor Mackey,CGY,D,3,0,1,1,-1,2,4,0,0,0,0,0,4,1
Mitchell Chaffee,MIN,RW,2,0,0,0,1,0,1,0,0,0,0,0,7,0
Lassi Thomson,OTT,D,16,0,5,5,-8,2,18,0,0,1,0,0,23,9
Ville Heinola,WPG,D,12,0,5,5,-2,10,25,0,0,0,0,0,9,7
Tobias Bjornfot,LA,D,70,0,8,8,-12,6,53,0,0,0,0,0,61,58
Brayden Tracey,ANH,LW,1,0,0,0,-1,0,1,0,0,0,0,0,0,0
Shane Pinto,OTT,C,5,0,1,1,0,2,5,0,0,1,0,0,0,1
Artemi Kniazev,SJ,D,1,0,0,0,-2,0,2,0,0,0,0,0,1,0
Samuel Fagemo,LA,LW,4,0,0,0,-2,0,5,0,0,0,0,0,2,3
Kaedan Korczak,VGK,D,1,0,0,0,1,0,0,0,0,0,0,0,0,1
Bobby Brink,PHI,RW,10,0,4,4,-5,0,18,0,0,1,0,0,15,2
Santeri Hatakka,SJ,D,9,0,2,2,-5,2,3,0,0,0,0,0,5,7
Valtteri Puustinen,PIT,RW,1,0,1,1,2,0,1,0,0,0,0,0,1,0
Ben McCartney,ARI,LW,2,0,0,0,0,4,2,0,0,0,0,0,7,0
Tyce Thompson,NJ,C,2,0,0,0,0,0,3,0,0,0,0,0,2,0
Viktor Lodin,OTT,LW,1,0,0,0,0,0,3,0,0,0,0,0,0,0
Mattias Norlinder,MON,D,6,0,1,1,2,2,2,0,0,0,0,0,4,3
Zac Jones,NYR,D,12,0,2,2,-7,0,8,0,0,0,0,0,4,13
Adam Beckman,MIN,LW,3,0,1,1,-1,2,4,0,0,0,0,0,1,1
Cole Schwindt,CGY,RW,3,0,0,0,-4,0,3,0,0,0,0,0,5,2
Brayden Pachal,VGK,D,2,0,0,0,-2,0,1,0,0,0,0,0,2,1
Kristians Rubins,OTT,D,3,0,0,0,-2,4,5,0,0,0,0,0,12,2
Pavel Dorofeyev,VGK,LW,2,0,0,0,-1,2,1,0,0,0,0,0,0,1
Josiah Slavin,CHI,LW,15,0,1,1,0,4,13,0,0,0,0,0,12,4
Egor Zamula,PHI,D,10,0,0,0,-6,4,4,0,0,0,0,0,5,19
Egor Sokolov,OTT,LW,8,0,0,0,-6,4,8,0,0,0,0,0,13,4
Declan Chisholm,WPG,D,2,0,0,0,1,0,4,0,0,0,0,0,1,1
Hunter Drew,ANH,D,2,0,0,0,0,5,0,0,0,0,0,0,5,0
Victor Soderstrom,ARI,D,16,0,0,0,-7,6,14,0,0,0,0,0,14,23
Alex Turcotte,LA,C,8,0,0,0,0,2,13,0,0,0,0,0,8,2
Dennis Cholowski,NYI,D,11,0,3,3,-3,2,11,0,0,0,0,0,5,13
Max Jones,ANH,LW,2,0,0,0,-1,15,2,0,0,0,0,0,2,0
Lucas Johansen,WAS,D,1,0,1,1,1,0,0,0,0,0,0,0,0,0
Olli Juolevi,ANH,D,18,0,0,0,-1,6,18,0,0,0,0,0,14,10
Brett Seney,CHI,LW,2,0,0,0,0,0,1,0,0,0,0,0,3,2
Cooper Marody,PHI,C,1,0,1,1,0,0,1,0,0,0,0,0,0,0
Lane Pederson,CAR,C,29,0,2,2,-16,10,24,0,0,0,0,0,54,10
Jalen Chatfield,CAR,D,16,0,3,3,1,8,25,0,0,0,0,0,32,10
Markus Nutivaara,SJ,D,1,0,1,1,0,0,0,0,0,0,0,0,1,0
Sami Niku,FA,D,13,0,6,6,3,2,14,0,0,1,0,0,6,17
Dakota Mermis,MIN,D,2,0,0,0,2,0,1,0,0,0,0,0,3,1
Kole Sherwood,FA,C,1,0,0,0,0,0,2,0,0,0,0,0,3,0
Andrew Poturalski,SEA,C,2,0,2,2,-1,0,4,0,0,2,0,0,0,1
Dan Renouf,BOS,D,4,0,0,0,-2,7,3,0,0,0,0,0,4,2
Kyle Criscuolo,DET,C,6,0,2,2,1,2,5,0,0,0,0,0,6,1
Anthony Greco,FA,C,1,0,0,0,0,0,5,0,0,0,0,0,1,1
Kirill Semyonov,FA,C,3,0,0,0,-2,0,1,0,0,0,0,0,4,0
C.J. Smith,NYR,LW,1,0,0,0,-1,0,0,0,0,0,0,0,1,0
Mike Vecchione,WAS,C,1,0,0,0,-1,0,3,0,0,0,0,0,0,0
Gavin Bayreuther,CLS,D,43,0,8,8,0,22,44,0,0,0,0,0,50,45
Rhett Gardner,DAL,C,4,0,0,0,-1,0,0,0,0,0,0,0,5,1
Otto Koivula,NYI,C,8,0,2,2,-2,0,8,0,0,0,0,0,8,4
Max Lajoie,CAR,D,5,0,0,0,2,0,6,0,0,0,0,0,3,5
Linus Hogberg,PHI,D,5,0,2,2,0,2,3,0,0,0,0,0,0,8
Tim Gettinger,NYR,LW,8,0,0,0,0,0,3,0,0,0,0,0,15,5
Mikey Eyssimont,WPG,C,1,0,0,0,0,0,1,0,0,0,0,0,0,0
Tanner Laczynski,PHI,C,1,0,0,0,-1,0,0,0,0,0,0,0,3,1
Chase Priskie,BUF,D,4,0,0,0,2,2,4,0,0,0,0,0,3,3
Jeremy Davies,BUF,D,6,0,2,2,-5,2,5,0,0,0,0,0,5,1
Mathieu Olivier,CLS,RW,10,0,1,1,-3,14,5,0,0,0,0,0,23,4
Fredrik Karlstrom,DAL,C,3,0,1,1,2,0,1,0,0,0,0,0,0,0
Connor Bunnaman,FLA,C,15,0,0,0,-7,4,10,0,0,0,0,0,17,2
Jacob Moverare,LA,D,19,0,2,2,3,2,15,0,0,0,0,0,16,21
Victor Mete,TOR,D,37,0,7,7,-19,4,27,0,0,1,0,0,13,38
Mikhail Maltsev,COL,C,18,0,0,0,-5,2,23,0,0,0,0,0,31,2
Casey Fitzgerald,BUF,D,36,0,6,6,-19,36,41,0,0,0,0,0,86,35
Sean Day,TB,D,2,0,0,0,-2,0,2,0,0,0,0,0,4,2
Markus Niemelainen,EDM,D,20,0,1,1,-5,4,12,0,0,0,0,0,82,19
William Lockwood,VAN,RW,13,0,0,0,-3,9,13,0,0,0,0,0,49,9
Cam Dineen,ARI,D,34,0,7,7,-16,4,52,0,0,0,0,0,22,44
Joey Anderson,TOR,RW,5,0,0,0,0,0,10,0,0,0,0,0,3,0
Libor Hajek,NYR,D,17,0,1,1,-10,8,12,0,0,0,0,0,7,26
Wade Allison,PHI,RW,1,0,0,0,-1,0,2,0,0,0,0,0,1,0
Ty Dellandrea,DAL,C,1,0,0,0,-1,0,1,0,0,0,0,0,3,0
Martin Kaut,COL,RW,6,0,0,0,2,0,1,0,0,0,0,0,6,3
Jordan Gross,NSH,D,1,0,0,0,0,4,0,0,0,0,0,0,1,0
Juuso Riikola,FA,D,5,0,1,1,2,2,7,0,0,0,0,0,13,2
Sheldon Rempal,VGK,LW,1,0,0,0,-1,0,2,0,0,0,0,0,0,0
Alex Chmelevski,SJ,C,19,0,8,8,2,4,31,0,0,0,0,0,20,4
Ben Jones,CGY,C,2,0,0,0,0,2,1,0,0,0,0,0,4,1
Wyatt Kalynuk,VAN,D,5,0,0,0,-3,2,1,0,0,0,0,0,9,0
Jayden Halbgewachs,FA,C,3,0,1,1,1,4,7,0,0,0,0,0,3,0
Sean Walker,LA,D,6,0,2,2,-1,4,18,0,0,1,0,0,9,9
Daniil Miromanov,VGK,D,11,0,1,1,0,2,15,0,0,0,0,0,5,6
Alex True,SEA,LW,8,0,0,0,-2,2,6,0,0,0,0,0,22,2
Austin Strand,ANH,D,8,0,2,2,-1,0,9,0,0,0,0,0,7,5
Grigori Denisenko,FLA,LW,1,0,0,0,0,2,3,0,0,0,0,0,1,2
Liam Foudy,CLS,C,1,0,0,0,-1,0,1,0,0,0,0,0,1,0
Jacob Bernard-Docker,OTT,D,8,0,1,1,1,4,6,0,0,0,0,0,4,3
Nicolas Beaudin,CHI,D,2,0,0,0,-1,0,1,0,0,0,0,0,0,1
Alexander Alexeyev,WAS,D,1,0,0,0,0,2,0,0,0,0,0,0,1,0
Mattias Samuelsson,BUF,D,42,0,10,10,-10,16,44,0,0,0,0,0,100,60
Scott Perunovich,STL,D,19,0,6,6,2,8,14,0,0,3,0,0,5,12
Filip Hallander,PIT,C,1,0,0,0,0,0,0,0,0,0,0,0,0,0
David Gustafsson,WPG,C,2,0,0,0,0,0,0,0,0,0,0,0,0,0
Cameron Hillis,MON,C,1,0,0,0,0,0,2,0,0,0,0,0,0,0
Sampo Ranta,COL,LW,10,0,0,0,-4,2,9,0,0,0,0,0,9,6
Joey Keane,CAR,D,1,0,0,0,0,2,1,0,0,0,0,0,1,0
Ian Mitchell,CHI,D,8,0,1,1,-3,0,2,0,0,1,0,0,2,9
Jakub Galvas,CHI,D,6,0,0,0,0,0,8,0,0,0,0,0,2,9
Dylan Samberg,WPG,D,15,0,5,5,3,4,14,0,0,0,0,0,21,19
Jack Studnicka,BOS,C,15,0,3,3,-5,4,21,0,0,0,0,0,17,5
Johnny Kovacevic,WPG,D,4,0,0,0,1,2,7,0,0,0,0,0,0,3
Reilly Walsh,NJ,D,1,0,1,1,0,0,2,0,0,0,0,0,0,2
Dmitri Samorukov,EDM,D,1,0,0,0,-2,0,0,0,0,0,0,0,0,0
Cale Fleury,SEA,D,9,0,0,0,-3,0,4,0,0,0,0,0,19,14
Jack Rathbone,VAN,D,9,0,0,0,-5,2,10,0,0,0,0,0,5,8
Mason Shaw,MIN,C,3,0,0,0,-2,5,7,0,0,0,0,0,6,1
Aleksi Heponiemi,FLA,LW,6,0,1,1,-6,2,7,0,0,1,0,0,0,1
Jaret Anderson-Dolan,LA,C,7,0,0,0,-3,4,5,0,0,0,0,0,12,3
Conor Timmins,ARI,D,6,0,0,0,-6,0,5,0,0,0,0,0,7,9
Pierre-Olivier Joseph,PIT,D,4,0,0,0,-2,2,7,0,0,0,0,0,6,4
Cody Glass,NSH,C,8,0,1,1,0,0,9,0,0,0,0,0,13,4
Erik Brannstrom,OTT,D,53,0,14,14,-17,30,86,0,0,6,0,0,39,59
Juuso Valimaki,CGY,D,9,0,2,2,0,10,11,0,0,0,0,0,8,9
Urho Vaakanainen,ANH,D,29,0,6,6,-5,10,27,0,0,1,0,0,27,28
